TimeStamp,Voltage,Current,Relative State of Charge,Full charge Capacity,Remaining Capacity,Cell 1 Voltage,Cell 2 Voltage
2021-08-16 16:59:15.766,8472,0,100,4888,4888,4220,4251
2021-08-16 16:59:17.768,8472,0,100,4888,4888,4220,4251
2021-08-16 16:59:19.766,8472,0,100,4888,4888,4220,4251
2021-08-16 16:59:21.766,8471,0,100,4888,4888,4220,4251
2021-08-16 16:59:23.766,8471,0,100,4888,4888,4220,4251
2021-08-16 16:59:25.766,8306,-2009,100,4888,4888,4131,4155
2021-08-16 16:59:27.766,8267,-4315,100,4888,4888,4119,4144
2021-08-16 16:59:29.766,8258,-4331,100,4888,4888,4115,4139
2021-08-16 16:59:31.766,8251,-4296,100,4888,4888,4111,4140
2021-08-16 16:59:33.766,8245,-4298,100,4888,4888,4109,4136
2021-08-16 16:59:35.766,8237,-4328,100,4888,4888,4105,4132
2021-08-16 16:59:37.766,8233,-4309,100,4888,4888,4103,4130
2021-08-16 16:59:39.766,8223,-4309,100,4888,4888,4101,4123
2021-08-16 16:59:43.084,8217,-4303,100,4888,4888,4097,4118
2021-08-16 16:59:43.766,8214,-4301,100,4888,4888,4096,4118
2021-08-16 16:59:47.084,8208,-4293,100,4888,4888,4094,4114
2021-08-16 16:59:47.766,8206,-4291,100,4888,4888,4093,4113
2021-08-16 16:59:51.080,8203,-4287,100,4888,4888,4091,4112
2021-08-16 16:59:51.766,8204,-4283,100,4888,4888,4091,4114
2021-08-16 16:59:55.096,8195,-4276,100,4888,4888,4088,4107
2021-08-16 16:59:55.766,8193,-4275,100,4888,4888,4088,4111
2021-08-16 16:59:59.157,8187,-4266,100,4888,4888,4084,4103
2021-08-16 16:59:59.766,8186,-4264,100,4888,4888,4084,4103
2021-08-16 17:00:03.066,8181,-4293,100,4888,4888,4081,4099
2021-08-16 17:00:03.766,8179,-4292,100,4888,4888,4081,4103
2021-08-16 17:00:07.112,8176,-4290,100,4888,4888,4079,4097
2021-08-16 17:00:07.766,8174,-4288,100,4888,4888,4078,4101
2021-08-16 17:00:11.096,8176,-4283,100,4888,4888,4076,4095
2021-08-16 17:00:11.766,8169,-4281,100,4888,4888,4076,4093
2021-08-16 17:00:15.061,8171,-4276,100,4888,4888,4074,4092
2021-08-16 17:00:15.766,8165,-4274,100,4888,4888,4074,4095
2021-08-16 17:00:19.080,8167,-4269,100,4888,4888,4072,4089
2021-08-16 17:00:19.766,8160,-4268,100,4888,4888,4072,4093
2021-08-16 17:00:23.047,8157,-4260,100,4888,4888,4070,4086
2021-08-16 17:00:23.766,8155,-4259,100,4888,4888,4070,4086
2021-08-16 17:00:27.049,8153,-4255,100,4888,4888,4068,4084
2021-08-16 17:00:27.766,8152,-4256,100,4888,4888,4068,4084
2021-08-16 17:00:31.093,8149,-4251,100,4888,4888,4066,4082
2021-08-16 17:00:31.766,8148,-4252,100,4888,4888,4067,4082
2021-08-16 17:00:35.113,8145,-4245,100,4888,4888,4064,4080
2021-08-16 17:00:35.766,8144,-4244,100,4888,4888,4065,4079
2021-08-16 17:00:39.046,8147,-4242,100,4888,4888,4064,4084
2021-08-16 17:00:39.766,8142,-4240,100,4888,4888,4064,4078
2021-08-16 17:00:43.062,8143,-4237,100,4888,4888,4062,4081
2021-08-16 17:00:43.766,8139,-4236,100,4888,4888,4062,4076
2021-08-16 17:00:47.097,8140,-4231,100,4888,4888,4061,4080
2021-08-16 17:00:47.766,8135,-4232,100,4888,4888,4060,4074
2021-08-16 17:00:51.060,8137,-4228,100,4888,4888,4059,4078
2021-08-16 17:00:51.766,8131,-4226,100,4888,4888,4059,4073
2021-08-16 17:00:55.093,8133,-4224,100,4888,4888,4057,4076
2021-08-16 17:00:55.766,8128,-4223,100,4888,4888,4057,4071
2021-08-16 17:00:59.093,8125,-4218,100,4888,4888,4056,4069
2021-08-16 17:00:59.766,8124,-4218,100,4888,4888,4055,4069
2021-08-16 17:01:03.079,8122,-4215,100,4888,4888,4054,4068
2021-08-16 17:01:03.766,8121,-4213,100,4888,4888,4054,4068
2021-08-16 17:01:07.062,8121,-4211,100,4888,4888,4053,4071
2021-08-16 17:01:07.766,8119,-4211,100,4888,4888,4052,4065
2021-08-16 17:01:11.062,8116,-4207,100,4888,4888,4051,4065
2021-08-16 17:01:11.766,8115,-4206,100,4888,4888,4052,4064
2021-08-16 17:01:15.050,8115,-4205,100,4888,4888,4050,4068
2021-08-16 17:01:15.766,8114,-4203,100,4888,4888,4050,4062
2021-08-16 17:01:19.078,8112,-4201,100,4888,4884,4049,4066
2021-08-16 17:01:19.766,8111,-4199,100,4888,4884,4049,4061
2021-08-16 17:01:23.124,8108,-4196,100,4888,4879,4048,4060
2021-08-16 17:01:23.766,8107,-4194,100,4888,4879,4047,4059
2021-08-16 17:01:27.063,8107,-4194,100,4888,4874,4048,4063
2021-08-16 17:01:27.766,8106,-4193,100,4888,4874,4047,4059
2021-08-16 17:01:31.064,8105,-4191,100,4888,4870,4046,4059
2021-08-16 17:01:31.766,8102,-4190,100,4888,4870,4045,4057
2021-08-16 17:01:35.112,8101,-4188,100,4888,4865,4045,4060
2021-08-16 17:01:35.766,8100,-4189,100,4888,4865,4044,4055
2021-08-16 17:01:39.110,8104,-4067,100,4888,4861,4046,4058
2021-08-16 17:01:39.766,8103,-4079,100,4888,4861,4046,4057
2021-08-16 17:01:43.060,8100,-4108,100,4888,4856,4044,4056
2021-08-16 17:01:43.766,8100,-4109,100,4888,4856,4044,4056
2021-08-16 17:01:47.123,8098,-4112,100,4888,4852,4044,4055
2021-08-16 17:01:47.766,8097,-4111,100,4888,4852,4043,4054
2021-08-16 17:01:51.076,8094,-4085,100,4888,4847,4042,4053
2021-08-16 17:01:51.766,8094,-4088,100,4888,4847,4041,4052
2021-08-16 17:01:55.046,8092,-4087,100,4888,4842,4040,4051
2021-08-16 17:01:55.766,8091,-4087,100,4888,4842,4040,4051
2021-08-16 17:01:59.111,8089,-4086,99,4888,4838,4039,4050
2021-08-16 17:01:59.766,8089,-4087,99,4888,4838,4039,4050
2021-08-16 17:02:03.047,8088,-4088,99,4888,4834,4038,4049
2021-08-16 17:02:03.766,8087,-4086,99,4888,4833,4038,4048
2021-08-16 17:02:07.125,8085,-4089,99,4888,4829,4037,4048
2021-08-16 17:02:07.766,8085,-4089,99,4888,4829,4037,4047
2021-08-16 17:02:11.046,8084,-4091,99,4888,4825,4036,4046
2021-08-16 17:02:11.766,8083,-4088,99,4888,4824,4036,4046
2021-08-16 17:02:15.110,8079,-4085,99,4888,4821,4035,4044
2021-08-16 17:02:15.766,8079,-4086,99,4888,4820,4034,4044
2021-08-16 17:02:19.050,8077,-4078,99,4888,4816,4033,4043
2021-08-16 17:02:19.766,8076,-4081,99,4888,4815,4033,4043
2021-08-16 17:02:23.156,8075,-4073,99,4888,4812,4032,4042
2021-08-16 17:02:23.766,8074,-4074,99,4888,4811,4032,4042
2021-08-16 17:02:27.063,8073,-4079,99,4888,4807,4031,4041
2021-08-16 17:02:27.766,8074,-4077,99,4888,4806,4031,4042
2021-08-16 17:02:31.048,8072,-4078,99,4888,4803,4032,4041
2021-08-16 17:02:31.766,8072,-4076,99,4888,4802,4031,4041
2021-08-16 17:02:35.098,8069,-4075,99,4888,4798,4030,4039
2021-08-16 17:02:35.766,8068,-4072,99,4888,4797,4029,4038
2021-08-16 17:02:39.063,8067,-4073,99,4888,4794,4028,4039
2021-08-16 17:02:39.766,8068,-4074,99,4888,4793,4029,4040
2021-08-16 17:02:43.099,8065,-4076,98,4888,4789,4028,4037
2021-08-16 17:02:43.766,8068,-4074,98,4888,4788,4027,4037
2021-08-16 17:02:47.146,8061,-4067,98,4888,4785,4026,4035
2021-08-16 17:02:47.766,8061,-4068,98,4888,4784,4026,4035
2021-08-16 17:02:51.093,8059,-4067,98,4888,4780,4025,4035
2021-08-16 17:02:51.766,8063,-4068,98,4888,4779,4025,4036
2021-08-16 17:02:55.062,8056,-4070,98,4888,4776,4024,4032
2021-08-16 17:02:55.766,8056,-4068,98,4888,4774,4023,4032
2021-08-16 17:02:59.067,8054,-4069,98,4888,4771,4022,4031
2021-08-16 17:02:59.766,8058,-4068,98,4888,4770,4022,4032
2021-08-16 17:03:03.089,8052,-4067,98,4888,4767,4021,4030
2021-08-16 17:03:03.766,8051,-4069,98,4888,4765,4021,4030
2021-08-16 17:03:07.093,8053,-4067,98,4888,4762,4020,4029
2021-08-16 17:03:07.766,8054,-4066,98,4888,4761,4020,4030
2021-08-16 17:03:11.093,8050,-4072,98,4888,4758,4019,4028
2021-08-16 17:03:11.766,8051,-4072,98,4888,4756,4019,4028
2021-08-16 17:03:15.174,8045,-4072,98,4888,4753,4018,4027
2021-08-16 17:03:15.766,8049,-4072,98,4888,4752,4018,4031
2021-08-16 17:03:19.048,8044,-4071,98,4888,4748,4018,4025
2021-08-16 17:03:19.766,8047,-4071,98,4888,4747,4017,4030
2021-08-16 17:03:23.137,8042,-4072,98,4888,4744,4016,4025
2021-08-16 17:03:23.766,8044,-4071,98,4888,4743,4015,4029
2021-08-16 17:03:27.094,8042,-4062,97,4888,4739,4016,4023
2021-08-16 17:03:27.766,8043,-4060,97,4888,4738,4015,4028
2021-08-16 17:03:31.093,8035,-4063,97,4888,4735,4013,4022
2021-08-16 17:03:31.766,8035,-4064,97,4888,4734,4013,4022
2021-08-16 17:03:35.141,8033,-4063,97,4888,4730,4012,4020
2021-08-16 17:03:35.766,8033,-4064,97,4888,4729,4012,4021
2021-08-16 17:03:39.109,8034,-4064,97,4888,4726,4013,4021
2021-08-16 17:03:39.766,8030,-4065,97,4888,4725,4011,4024
2021-08-16 17:03:43.080,8031,-4066,97,4888,4721,4011,4020
2021-08-16 17:03:43.766,8028,-4066,97,4888,4720,4010,4023
2021-08-16 17:03:47.077,8028,-4067,97,4888,4717,4010,4019
2021-08-16 17:03:47.766,8026,-4066,97,4888,4716,4009,4022
2021-08-16 17:03:51.049,8030,-4064,97,4888,4712,4008,4017
2021-08-16 17:03:51.766,8024,-4064,97,4888,4711,4008,4021
2021-08-16 17:03:55.156,8024,-4062,97,4888,4708,4008,4016
2021-08-16 17:03:55.766,8021,-4061,97,4888,4707,4008,4019
2021-08-16 17:03:59.093,8020,-4058,97,4888,4703,4006,4014
2021-08-16 17:03:59.766,8019,-4059,97,4888,4702,4006,4014
2021-08-16 17:04:03.114,8017,-4056,97,4888,4699,4005,4013
2021-08-16 17:04:03.766,8017,-4057,97,4888,4698,4005,4012
2021-08-16 17:04:07.095,8016,-4046,97,4888,4694,4004,4012
2021-08-16 17:04:07.766,8015,-4047,97,4888,4693,4004,4016
2021-08-16 17:04:11.092,8013,-4047,96,4888,4690,4003,4010
2021-08-16 17:04:11.766,8013,-4052,96,4888,4689,4003,4010
2021-08-16 17:04:15.142,8011,-4047,96,4888,4685,4002,4009
2021-08-16 17:04:15.766,8010,-4050,96,4888,4684,4001,4009
2021-08-16 17:04:19.156,8010,-4046,96,4888,4681,4001,4008
2021-08-16 17:04:19.766,8008,-4044,96,4888,4680,4001,4008
2021-08-16 17:04:23.113,8012,-4053,96,4888,4676,4000,4008
2021-08-16 17:04:23.766,8007,-4053,96,4888,4675,4000,4007
2021-08-16 17:04:27.079,8010,-4049,96,4888,4672,3999,4011
2021-08-16 17:04:27.766,8005,-4052,96,4888,4671,3999,4006
2021-08-16 17:04:31.077,8002,-4042,96,4888,4667,3997,4005
2021-08-16 17:04:31.766,8003,-4043,96,4888,4666,3998,4005
2021-08-16 17:04:35.219,8006,-4050,96,4888,4663,3996,4005
2021-08-16 17:04:35.779,8000,-4049,96,4888,4662,3996,4004
2021-08-16 17:04:39.126,8003,-4050,96,4888,4658,3996,4008
2021-08-16 17:04:39.766,7998,-4049,96,4888,4657,3996,4003
2021-08-16 17:04:43.046,7996,-4042,96,4888,4654,3994,4002
2021-08-16 17:04:43.766,7995,-4042,96,4888,4654,3994,4001
2021-08-16 17:04:47.063,7994,-4046,96,4888,4649,3993,4000
2021-08-16 17:04:47.766,7993,-4045,96,4888,4649,3993,4000
2021-08-16 17:04:51.120,7997,-4041,96,4888,4645,3993,4004
2021-08-16 17:04:51.766,7992,-4043,96,4888,4645,3993,4000
2021-08-16 17:04:55.143,7995,-4044,95,4888,4640,3992,4003
2021-08-16 17:04:55.766,7990,-4041,95,4888,4640,3991,3998
2021-08-16 17:04:59.114,7987,-4041,95,4888,4636,3990,3997
2021-08-16 17:04:59.766,7987,-4039,95,4888,4636,3990,3998
2021-08-16 17:05:03.066,7987,-4038,95,4888,4631,3989,4001
2021-08-16 17:05:03.766,7985,-4041,95,4888,4631,3989,3996
2021-08-16 17:05:07.141,7983,-4044,95,4888,4627,3988,3995
2021-08-16 17:05:07.766,7982,-4041,95,4888,4627,3988,3994
2021-08-16 17:05:11.193,7986,-4043,95,4888,4622,3987,3999
2021-08-16 17:05:11.787,7981,-4042,95,4888,4622,3987,3995
2021-08-16 17:05:15.079,7981,-4043,95,4888,4618,3987,3998
2021-08-16 17:05:15.766,7979,-4044,95,4888,4618,3986,3993
2021-08-16 17:05:19.048,7977,-4034,95,4888,4613,3985,3992
2021-08-16 17:05:19.766,7976,-4033,95,4888,4613,3985,3992
2021-08-16 17:05:23.048,7977,-4039,95,4888,4609,3986,3992
2021-08-16 17:05:23.766,7975,-4044,95,4888,4609,3984,3990
2021-08-16 17:05:27.046,7974,-4039,95,4888,4604,3984,3990
2021-08-16 17:05:27.766,7974,-4037,95,4888,4604,3984,3990
2021-08-16 17:05:31.062,7973,-4024,95,4888,4600,3983,3990
2021-08-16 17:05:31.766,7972,-4025,95,4888,4600,3983,3989
2021-08-16 17:05:35.141,7970,-4027,95,4888,4595,3981,3992
2021-08-16 17:05:35.766,7970,-4026,95,4888,4595,3981,3988
2021-08-16 17:05:39.077,7967,-4023,94,4888,4591,3980,3987
2021-08-16 17:05:39.766,7966,-4023,94,4888,4591,3980,3986
2021-08-16 17:05:43.111,7967,-4023,94,4888,4587,3980,3987
2021-08-16 17:05:43.766,7965,-4024,94,4888,4587,3979,3986
2021-08-16 17:05:47.079,7965,-4019,94,4888,4582,3978,3985
2021-08-16 17:05:47.766,7963,-4020,94,4888,4582,3978,3985
2021-08-16 17:05:51.063,7963,-4021,94,4888,4578,3977,3983
2021-08-16 17:05:51.766,7961,-4017,94,4888,4578,3977,3983
2021-08-16 17:05:55.097,7961,-4017,94,4888,4573,3976,3983
2021-08-16 17:05:55.766,7959,-4017,94,4888,4573,3976,3982
2021-08-16 17:05:59.098,7956,-4015,94,4888,4569,3975,3981
2021-08-16 17:05:59.766,7956,-4016,94,4888,4569,3975,3981
2021-08-16 17:06:03.048,7956,-4019,94,4888,4565,3975,3980
2021-08-16 17:06:03.766,7955,-4020,94,4888,4564,3974,3980
2021-08-16 17:06:07.068,7954,-4022,94,4888,4561,3973,3979
2021-08-16 17:06:07.766,7953,-4020,94,4888,4560,3973,3980
2021-08-16 17:06:11.128,7952,-4021,94,4888,4556,3971,3978
2021-08-16 17:06:11.766,7950,-4024,94,4888,4555,3971,3979
2021-08-16 17:06:15.141,7947,-4022,94,4888,4552,3970,3977
2021-08-16 17:06:15.766,7947,-4019,94,4888,4551,3970,3977
2021-08-16 17:06:19.093,7946,-4019,94,4888,4547,3970,3976
2021-08-16 17:06:19.766,7945,-4019,94,4888,4546,3969,3976
2021-08-16 17:06:23.141,7945,-4017,93,4888,4543,3968,3975
2021-08-16 17:06:23.766,7944,-4019,93,4888,4542,3968,3976
2021-08-16 17:06:27.093,7941,-4014,93,4888,4539,3968,3974
2021-08-16 17:06:27.766,7943,-4015,93,4888,4537,3968,3975
2021-08-16 17:06:31.051,7939,-4015,93,4888,4534,3967,3973
2021-08-16 17:06:31.766,7939,-4015,93,4888,4533,3966,3972
2021-08-16 17:06:35.098,7937,-4014,93,4888,4530,3966,3972
2021-08-16 17:06:35.766,7942,-4015,93,4888,4528,3966,3973
2021-08-16 17:06:39.078,7935,-4010,93,4888,4525,3965,3970
2021-08-16 17:06:39.766,7940,-4012,93,4888,4524,3964,3972
2021-08-16 17:06:43.045,7936,-4014,93,4888,4521,3963,3970
2021-08-16 17:06:43.766,7938,-4012,93,4888,4520,3963,3971
2021-08-16 17:06:47.098,7931,-4011,93,4888,4516,3962,3969
2021-08-16 17:06:47.766,7931,-4010,93,4888,4515,3962,3968
2021-08-16 17:06:51.190,7931,-4013,93,4888,4512,3963,3968
2021-08-16 17:06:51.766,7933,-4012,93,4888,4511,3961,3969
2021-08-16 17:06:55.141,7927,-4009,93,4888,4507,3960,3966
2021-08-16 17:06:55.766,7926,-4010,93,4888,4506,3960,3966
2021-08-16 17:06:59.094,7925,-4009,93,4888,4503,3959,3965
2021-08-16 17:06:59.766,7925,-4008,93,4888,4502,3959,3965
2021-08-16 17:07:03.158,7922,-4008,93,4888,4498,3958,3964
2021-08-16 17:07:03.766,7927,-4007,93,4888,4497,3958,3969
2021-08-16 17:07:07.068,7924,-4012,92,4888,4494,3959,3964
2021-08-16 17:07:07.766,7926,-4011,92,4888,4493,3957,3968
2021-08-16 17:07:11.079,7918,-4009,92,4888,4489,3956,3962
2021-08-16 17:07:11.766,7918,-4008,92,4888,4488,3956,3962
2021-08-16 17:07:15.172,7916,-4007,92,4888,4485,3955,3961
2021-08-16 17:07:15.766,7916,-4006,92,4888,4484,3955,3961
2021-08-16 17:07:19.046,7917,-4007,92,4888,4481,3956,3962
2021-08-16 17:07:19.768,7919,-4009,92,4888,4479,3955,3965
2021-08-16 17:07:23.102,7915,-4010,92,4888,4476,3954,3959
2021-08-16 17:07:23.766,7917,-4008,92,4888,4475,3953,3964
2021-08-16 17:07:27.095,7913,-4006,92,4888,4472,3954,3960
2021-08-16 17:07:27.766,7910,-4003,92,4888,4471,3952,3958
2021-08-16 17:07:31.094,7908,-4001,92,4888,4467,3951,3957
2021-08-16 17:07:31.766,7908,-4000,92,4888,4466,3951,3957
2021-08-16 17:07:35.062,7909,-4002,92,4888,4463,3951,3958
2021-08-16 17:07:35.766,7906,-4002,92,4888,4462,3950,3961
2021-08-16 17:07:39.077,7904,-3999,92,4888,4458,3949,3955
2021-08-16 17:07:39.766,7904,-3998,92,4888,4457,3949,3960
2021-08-16 17:07:43.199,7905,-4002,92,4888,4454,3949,3954
2021-08-16 17:07:43.766,7904,-4001,92,4888,4453,3948,3959
2021-08-16 17:07:47.117,7900,-3996,92,4888,4449,3947,3953
2021-08-16 17:07:47.766,7900,-3996,91,4888,4448,3947,3957
2021-08-16 17:07:51.065,7904,-4001,91,4888,4445,3946,3953
2021-08-16 17:07:51.766,7898,-3997,91,4888,4444,3946,3952
2021-08-16 17:07:55.108,7896,-3996,91,4888,4441,3945,3951
2021-08-16 17:07:55.766,7896,-3995,91,4888,4439,3945,3951
2021-08-16 17:07:59.125,7900,-3999,91,4888,4436,3944,3951
2021-08-16 17:07:59.766,7894,-3996,91,4888,4435,3944,3954
2021-08-16 17:08:03.078,7898,-3997,91,4888,4432,3943,3950
2021-08-16 17:08:03.766,7892,-4000,91,4888,4431,3943,3949
2021-08-16 17:08:07.107,7896,-3998,91,4888,4427,3942,3949
2021-08-16 17:08:07.766,7890,-3998,91,4888,4426,3942,3948
2021-08-16 17:08:11.063,7893,-3996,91,4888,4423,3942,3948
2021-08-16 17:08:11.766,7888,-3995,91,4888,4422,3941,3947
2021-08-16 17:08:15.172,7892,-3995,91,4888,4418,3940,3947
2021-08-16 17:08:15.766,7886,-3995,91,4888,4417,3940,3946
2021-08-16 17:08:19.061,7889,-3992,91,4888,4414,3940,3949
2021-08-16 17:08:19.766,7884,-3992,91,4888,4413,3939,3945
2021-08-16 17:08:23.159,7882,-3991,91,4888,4409,3938,3943
2021-08-16 17:08:23.766,7881,-3990,91,4888,4408,3938,3943
2021-08-16 17:08:27.142,7880,-3990,91,4888,4405,3937,3943
2021-08-16 17:08:27.766,7879,-3989,91,4888,4404,3937,3943
2021-08-16 17:08:31.079,7878,-3991,91,4888,4401,3936,3942
2021-08-16 17:08:31.766,7877,-3991,91,4888,4399,3936,3941
2021-08-16 17:08:35.124,7881,-3992,90,4888,4396,3935,3946
2021-08-16 17:08:35.766,7875,-3993,90,4888,4396,3935,3941
2021-08-16 17:08:39.093,7874,-3991,90,4888,4392,3934,3940
2021-08-16 17:08:39.766,7873,-3994,90,4888,4392,3934,3939
2021-08-16 17:08:43.060,7871,-3989,90,4888,4387,3933,3939
2021-08-16 17:08:43.766,7871,-3989,90,4888,4387,3932,3938
2021-08-16 17:08:47.061,7871,-3988,90,4888,4383,3934,3942
2021-08-16 17:08:47.766,7870,-3990,90,4888,4383,3931,3937
2021-08-16 17:08:51.130,7872,-3990,90,4888,4378,3931,3941
2021-08-16 17:08:51.766,7867,-3990,90,4888,4378,3931,3936
2021-08-16 17:08:55.061,7867,-3987,90,4888,4374,3930,3940
2021-08-16 17:08:55.766,7866,-3988,90,4888,4374,3930,3935
2021-08-16 17:08:59.065,7865,-3987,90,4888,4370,3929,3939
2021-08-16 17:08:59.766,7864,-3987,90,4888,4370,3929,3934
2021-08-16 17:09:03.076,7863,-3989,90,4888,4365,3928,3938
2021-08-16 17:09:03.766,7861,-3988,90,4888,4365,3928,3933
2021-08-16 17:09:07.141,7859,-3987,90,4888,4361,3927,3932
2021-08-16 17:09:07.766,7859,-3986,90,4888,4361,3927,3932
2021-08-16 17:09:11.108,7857,-3984,90,4888,4356,3926,3931
2021-08-16 17:09:11.766,7857,-3984,90,4888,4356,3926,3931
2021-08-16 17:09:15.077,7857,-3983,90,4888,4352,3926,3935
2021-08-16 17:09:15.766,7855,-3982,90,4888,4352,3925,3930
2021-08-16 17:09:19.057,7855,-3982,89,4888,4347,3925,3930
2021-08-16 17:09:19.766,7854,-3982,89,4888,4347,3924,3930
2021-08-16 17:09:23.107,7852,-3981,89,4888,4343,3923,3929
2021-08-16 17:09:23.766,7851,-3981,89,4888,4343,3923,3928
2021-08-16 17:09:27.110,7850,-3982,89,4888,4339,3922,3928
2021-08-16 17:09:27.766,7850,-3984,89,4888,4339,3922,3928
2021-08-16 17:09:31.093,7849,-3984,89,4888,4334,3922,3931
2021-08-16 17:09:31.766,7849,-3984,89,4888,4334,3921,3926
2021-08-16 17:09:35.109,7846,-3982,89,4888,4330,3920,3926
2021-08-16 17:09:35.766,7846,-3983,89,4888,4330,3920,3926
2021-08-16 17:09:39.048,7843,-3985,89,4888,4325,3918,3924
2021-08-16 17:09:39.766,7842,-3983,89,4888,4325,3919,3924
2021-08-16 17:09:43.085,7841,-3980,89,4888,4321,3918,3923
2021-08-16 17:09:43.766,7840,-3978,89,4888,4321,3917,3923
2021-08-16 17:09:47.126,7839,-3978,89,4888,4316,3917,3922
2021-08-16 17:09:47.766,7838,-3979,89,4888,4316,3917,3923
2021-08-16 17:09:51.048,7839,-3983,89,4888,4313,3915,3921
2021-08-16 17:09:51.766,7836,-3982,89,4888,4312,3915,3921
2021-08-16 17:09:55.126,7836,-3982,89,4888,4308,3915,3922
2021-08-16 17:09:55.766,7835,-3982,89,4888,4308,3914,3921
2021-08-16 17:09:59.092,7835,-3983,89,4888,4304,3913,3919
2021-08-16 17:09:59.766,7834,-3983,89,4888,4303,3913,3919
2021-08-16 17:10:03.062,7833,-3978,88,4888,4300,3912,3918
2021-08-16 17:10:03.766,7832,-3980,88,4888,4299,3913,3918
2021-08-16 17:10:07.162,7829,-3978,88,4888,4294,3912,3918
2021-08-16 17:10:07.766,7829,-3979,88,4888,4294,3911,3918
2021-08-16 17:10:11.112,7827,-3974,88,4888,4291,3910,3916
2021-08-16 17:10:11.766,7826,-3973,88,4888,4290,3910,3916
2021-08-16 17:10:15.159,7827,-3975,88,4888,4287,3910,3915
2021-08-16 17:10:15.766,7826,-3975,88,4888,4286,3910,3916
2021-08-16 17:10:19.109,7825,-3975,88,4888,4282,3910,3914
2021-08-16 17:10:19.766,7822,-3973,88,4888,4281,3908,3914
2021-08-16 17:10:23.096,7821,-3973,88,4888,4278,3908,3913
2021-08-16 17:10:23.766,7820,-3972,88,4888,4277,3907,3913
2021-08-16 17:10:27.141,7821,-3972,88,4888,4273,3906,3912
2021-08-16 17:10:27.766,7819,-3973,88,4888,4272,3907,3913
2021-08-16 17:10:31.157,7819,-3969,88,4888,4269,3906,3911
2021-08-16 17:10:31.766,7818,-3970,88,4888,4268,3906,3912
2021-08-16 17:10:35.125,7817,-3969,88,4888,4265,3906,3911
2021-08-16 17:10:35.766,7820,-3970,88,4888,4263,3906,3911
2021-08-16 17:10:39.109,7813,-3969,88,4888,4260,3904,3909
2021-08-16 17:10:39.766,7813,-3968,88,4888,4259,3904,3909
2021-08-16 17:10:43.155,7813,-3967,88,4888,4256,3904,3909
2021-08-16 17:10:43.766,7815,-3969,88,4888,4255,3904,3909
2021-08-16 17:10:47.097,7809,-3969,87,4888,4251,3902,3907
2021-08-16 17:10:47.767,7809,-3970,87,4888,4250,3902,3908
2021-08-16 17:10:51.125,7809,-3969,87,4888,4247,3901,3907
2021-08-16 17:10:51.766,7811,-3968,87,4888,4246,3901,3908
2021-08-16 17:10:55.093,7807,-3967,87,4888,4242,3899,3906
2021-08-16 17:10:55.766,7809,-3968,87,4888,4241,3899,3906
2021-08-16 17:10:59.094,7807,-3967,87,4888,4238,3898,3905
2021-08-16 17:10:59.766,7807,-3966,87,4888,4237,3898,3905
2021-08-16 17:11:03.141,7802,-3966,87,4888,4234,3898,3904
2021-08-16 17:11:03.766,7805,-3966,87,4888,4233,3897,3905
2021-08-16 17:11:07.081,7803,-3964,87,4888,4229,3896,3902
2021-08-16 17:11:07.766,7803,-3963,87,4888,4228,3897,3907
2021-08-16 17:11:11.062,7800,-3961,87,4888,4225,3896,3902
2021-08-16 17:11:11.766,7802,-3962,87,4888,4224,3896,3906
2021-08-16 17:11:15.062,7799,-3962,87,4888,4220,3896,3901
2021-08-16 17:11:15.766,7800,-3961,87,4888,4219,3895,3905
2021-08-16 17:11:19.077,7797,-3963,87,4888,4216,3895,3900
2021-08-16 17:11:19.766,7798,-3963,87,4888,4215,3894,3904
2021-08-16 17:11:23.060,7794,-3962,87,4888,4212,3893,3901
2021-08-16 17:11:23.766,7791,-3961,87,4888,4211,3892,3898
2021-08-16 17:11:27.094,7792,-3960,87,4888,4207,3893,3897
2021-08-16 17:11:27.766,7794,-3960,87,4888,4206,3892,3902
2021-08-16 17:11:31.085,7787,-3957,86,4888,4203,3891,3897
2021-08-16 17:11:31.766,7787,-3957,86,4888,4202,3891,3896
2021-08-16 17:11:35.154,7785,-3958,86,4888,4198,3890,3895
2021-08-16 17:11:35.766,7785,-3957,86,4888,4197,3890,3895
2021-08-16 17:11:39.076,7786,-3959,86,4888,4194,3890,3896
2021-08-16 17:11:39.766,7783,-3959,86,4888,4193,3889,3899
2021-08-16 17:11:43.077,7781,-3957,86,4888,4190,3888,3893
2021-08-16 17:11:43.766,7781,-3957,86,4888,4189,3888,3893
2021-08-16 17:11:47.077,7782,-3958,86,4888,4185,3887,3895
2021-08-16 17:11:48.126,7780,-3958,86,4888,4184,3886,3893
2021-08-16 17:11:51.141,7779,-3957,86,4888,4181,3886,3893
2021-08-16 17:11:51.766,7777,-3955,86,4888,4180,3886,3896
2021-08-16 17:11:55.077,7781,-3955,86,4888,4176,3885,3892
2021-08-16 17:11:55.766,7776,-3953,86,4888,4175,3885,3895
2021-08-16 17:11:59.097,7779,-3953,86,4888,4172,3884,3891
2021-08-16 17:11:59.766,7774,-3952,86,4888,4171,3884,3894
2021-08-16 17:12:03.108,7777,-3953,86,4888,4168,3883,3890
2021-08-16 17:12:03.766,7772,-3952,86,4888,4167,3883,3893
2021-08-16 17:12:07.154,7772,-3951,86,4888,4163,3882,3890
2021-08-16 17:12:07.766,7769,-3952,86,4888,4162,3882,3893
2021-08-16 17:12:11.108,7774,-3949,86,4888,4159,3881,3888
2021-08-16 17:12:11.766,7768,-3948,86,4888,4158,3881,3887
2021-08-16 17:12:15.127,7771,-3948,86,4888,4155,3880,3887
2021-08-16 17:12:15.766,7766,-3947,85,4888,4153,3880,3886
2021-08-16 17:12:19.061,7764,-3948,85,4888,4150,3879,3885
2021-08-16 17:12:19.767,7763,-3947,85,4888,4149,3879,3884
2021-08-16 17:12:23.703,7765,-3945,85,4888,4145,3878,3884
2021-08-16 17:12:24.268,7763,-3946,85,4888,4145,3878,3884
2021-08-16 17:12:27.109,7760,-3942,85,4888,4141,3877,3883
2021-08-16 17:12:27.767,7760,-3942,85,4888,4140,3877,3883
2021-08-16 17:12:31.095,7764,-3943,85,4888,4137,3876,3887
2021-08-16 17:12:31.767,7759,-3942,85,4888,4136,3876,3882
2021-08-16 17:12:35.077,7761,-3942,85,4888,4133,3875,3886
2021-08-16 17:12:35.767,7757,-3940,85,4888,4132,3876,3881
2021-08-16 17:12:39.109,7760,-3941,85,4888,4128,3875,3885
2021-08-16 17:12:39.767,7754,-3940,85,4888,4127,3875,3880
2021-08-16 17:12:43.143,7758,-3941,85,4888,4124,3875,3884
2021-08-16 17:12:43.767,7752,-3941,85,4888,4123,3874,3879
2021-08-16 17:12:47.092,7751,-3939,85,4888,4119,3872,3878
2021-08-16 17:12:47.923,7750,-3938,85,4888,4118,3872,3878
2021-08-16 17:12:51.065,7751,-3940,85,4888,4115,3871,3882
2021-08-16 17:12:51.767,7749,-3939,85,4888,4115,3871,3877
2021-08-16 17:12:55.076,7749,-3937,85,4888,4111,3870,3881
2021-08-16 17:12:55.767,7747,-3936,85,4888,4111,3870,3876
2021-08-16 17:12:59.097,7745,-3936,85,4888,4106,3869,3880
2021-08-16 17:12:59.767,7745,-3937,85,4888,4106,3869,3876
2021-08-16 17:13:03.115,7748,-3937,84,4888,4102,3869,3879
2021-08-16 17:13:03.957,7744,-3937,84,4888,4101,3868,3876
2021-08-16 17:13:07.112,7742,-3937,84,4888,4098,3867,3874
2021-08-16 17:13:07.767,7741,-3936,84,4888,4098,3867,3873
2021-08-16 17:13:11.158,7744,-3938,84,4888,4093,3866,3877
2021-08-16 17:13:11.767,7740,-3935,84,4888,4093,3866,3874
2021-08-16 17:13:15.110,7737,-3933,84,4888,4089,3865,3876
2021-08-16 17:13:17.500,7737,-3934,84,4888,4087,3865,3872
2021-08-16 17:13:19.406,7741,-3935,84,4888,4084,3865,3872
2021-08-16 17:13:19.969,7735,-3934,84,4888,4083,3864,3870
2021-08-16 17:13:23.077,7733,-3932,84,4888,4080,3864,3874
2021-08-16 17:13:23.767,7733,-3933,84,4888,4080,3864,3870
2021-08-16 17:13:27.078,7733,-3933,84,4888,4076,3864,3869
2021-08-16 17:13:27.767,7732,-3930,84,4888,4076,3863,3869
2021-08-16 17:13:31.108,7732,-3931,84,4888,4071,3863,3872
2021-08-16 17:13:31.767,7730,-3932,84,4888,4071,3862,3868
2021-08-16 17:13:35.078,7730,-3931,84,4888,4067,3862,3868
2021-08-16 17:13:35.767,7728,-3930,84,4888,4067,3861,3867
2021-08-16 17:13:39.233,7728,-3930,84,4888,4063,3860,3870
2021-08-16 17:13:39.813,7726,-3930,84,4888,4063,3859,3866
2021-08-16 17:13:43.078,7724,-3930,84,4888,4058,3859,3865
2021-08-16 17:13:43.767,7723,-3929,84,4888,4058,3859,3865
2021-08-16 17:13:47.110,7723,-3930,83,4888,4054,3858,3865
2021-08-16 17:13:47.767,7722,-3930,83,4888,4054,3858,3864
2021-08-16 17:13:51.077,7721,-3930,83,4888,4050,3857,3864
2021-08-16 17:13:51.767,7721,-3928,83,4888,4050,3857,3864
2021-08-16 17:13:55.113,7720,-3929,83,4888,4045,3857,3863
2021-08-16 17:13:55.767,7719,-3927,83,4888,4045,3856,3862
2021-08-16 17:13:59.078,7718,-3924,83,4888,4041,3855,3862
2021-08-16 17:13:59.767,7717,-3923,83,4888,4041,3855,3861
2021-08-16 17:14:03.124,7715,-3922,83,4888,4036,3855,3861
2021-08-16 17:14:03.767,7715,-3922,83,4888,4036,3854,3861
2021-08-16 17:14:07.077,7715,-3923,83,4888,4033,3853,3859
2021-08-16 17:14:07.767,7714,-3920,83,4888,4032,3853,3859
2021-08-16 17:14:11.094,7712,-3922,83,4888,4029,3852,3858
2021-08-16 17:14:11.767,7711,-3921,83,4888,4028,3852,3858
2021-08-16 17:14:15.093,7711,-3922,83,4888,4024,3851,3857
2021-08-16 17:14:15.767,7710,-3920,83,4888,4023,3851,3857
2021-08-16 17:14:19.100,7709,-3922,83,4888,4020,3850,3856
2021-08-16 17:14:19.767,7708,-3921,83,4888,4019,3850,3857
2021-08-16 17:14:23.094,7707,-3919,83,4888,4016,3849,3856
2021-08-16 17:14:23.767,7704,-3917,83,4888,4015,3849,3855
2021-08-16 17:14:27.078,7705,-3918,83,4888,4011,3850,3855
2021-08-16 17:14:27.767,7704,-3917,83,4888,4010,3849,3856
2021-08-16 17:14:31.077,7703,-3917,82,4888,4007,3848,3854
2021-08-16 17:14:31.767,7702,-3916,82,4888,4006,3848,3855
2021-08-16 17:14:35.144,7701,-3917,82,4888,4003,3847,3853
2021-08-16 17:14:35.767,7700,-3914,82,4888,4002,3847,3853
2021-08-16 17:14:39.113,7700,-3914,82,4888,3998,3847,3852
2021-08-16 17:14:39.767,7699,-3914,82,4888,3997,3846,3853
2021-08-16 17:14:43.110,7696,-3912,82,4888,3994,3845,3851
2021-08-16 17:14:43.767,7695,-3912,82,4888,3993,3845,3851
2021-08-16 17:14:47.087,7696,-3912,82,4888,3990,3845,3851
2021-08-16 17:14:47.767,7698,-3911,82,4888,3989,3845,3851
2021-08-16 17:14:51.080,7695,-3912,82,4888,3985,3844,3850
2021-08-16 17:14:51.767,7696,-3911,82,4888,3984,3843,3851
2021-08-16 17:14:55.096,7692,-3912,82,4888,3981,3843,3849
2021-08-16 17:14:55.767,7695,-3911,82,4888,3980,3842,3850
2021-08-16 17:14:59.108,7691,-3911,82,4888,3977,3842,3848
2021-08-16 17:14:59.767,7693,-3911,82,4888,3976,3841,3849
2021-08-16 17:15:03.110,7688,-3912,82,4888,3972,3841,3847
2021-08-16 17:15:03.767,7690,-3912,82,4888,3971,3840,3848
2021-08-16 17:15:07.157,7686,-3911,82,4888,3968,3839,3846
2021-08-16 17:15:07.767,7689,-3911,82,4888,3967,3840,3847
2021-08-16 17:15:11.107,7683,-3907,82,4888,3964,3838,3844
2021-08-16 17:15:11.767,7687,-3908,82,4888,3962,3838,3845
2021-08-16 17:15:15.154,7682,-3905,81,4888,3959,3838,3844
2021-08-16 17:15:15.767,7685,-3907,81,4888,3958,3837,3845
2021-08-16 17:15:19.126,7683,-3907,81,4888,3955,3836,3843
2021-08-16 17:15:19.767,7683,-3908,81,4888,3954,3836,3843
2021-08-16 17:15:23.093,7680,-3907,81,4888,3951,3835,3842
2021-08-16 17:15:23.767,7682,-3905,81,4888,3949,3835,3846
2021-08-16 17:15:27.152,7679,-3907,81,4888,3946,3834,3841
2021-08-16 17:15:27.767,7680,-3906,81,4888,3945,3834,3845
2021-08-16 17:15:31.143,7676,-3905,81,4888,3942,3833,3840
2021-08-16 17:15:31.767,7678,-3905,81,4888,3941,3833,3844
2021-08-16 17:15:35.143,7674,-3905,81,4888,3938,3833,3839
2021-08-16 17:15:35.767,7676,-3904,81,4888,3936,3833,3843
2021-08-16 17:15:39.110,7672,-3905,81,4888,3933,3833,3838
2021-08-16 17:15:39.767,7674,-3903,81,4888,3932,3832,3843
2021-08-16 17:15:43.079,7670,-3904,81,4888,3929,3831,3839
2021-08-16 17:15:43.767,7667,-3904,81,4888,3928,3830,3837
2021-08-16 17:15:47.233,7669,-3905,81,4888,3925,3830,3836
2021-08-16 17:15:47.798,7670,-3905,81,4888,3923,3829,3840
2021-08-16 17:15:51.126,7666,-3904,81,4888,3920,3829,3837
2021-08-16 17:15:51.767,7663,-3903,81,4888,3919,3828,3835
2021-08-16 17:15:55.125,7662,-3901,81,4888,3916,3828,3834
2021-08-16 17:15:55.767,7662,-3901,81,4888,3915,3828,3839
2021-08-16 17:15:59.145,7663,-3900,81,4888,3912,3828,3836
2021-08-16 17:15:59.767,7660,-3899,80,4888,3910,3828,3838
2021-08-16 17:16:03.093,7661,-3901,80,4888,3907,3827,3834
2021-08-16 17:16:03.767,7658,-3899,80,4888,3906,3826,3837
2021-08-16 17:16:07.177,7657,-3897,80,4888,3903,3825,3831
2021-08-16 17:16:07.767,7656,-3897,80,4888,3902,3825,3831
2021-08-16 17:16:11.131,7656,-3898,80,4888,3899,3825,3831
2021-08-16 17:16:11.767,7654,-3898,80,4888,3897,3824,3830
2021-08-16 17:16:15.141,7655,-3897,80,4888,3894,3824,3831
2021-08-16 17:16:15.767,7653,-3896,80,4888,3893,3823,3834
2021-08-16 17:16:19.386,7652,-3894,80,4888,3890,3822,3829
2021-08-16 17:16:19.970,7656,-3895,80,4888,3889,3822,3833
2021-08-16 17:16:23.078,7655,-3896,80,4888,3886,3821,3829
2021-08-16 17:16:23.767,7649,-3893,80,4888,3884,3821,3832
2021-08-16 17:16:27.126,7653,-3895,80,4888,3881,3820,3828
2021-08-16 17:16:27.767,7648,-3892,80,4888,3880,3820,3827
2021-08-16 17:16:31.060,7647,-3890,80,4888,3877,3820,3826
2021-08-16 17:16:31.767,7645,-3890,80,4888,3876,3819,3826
2021-08-16 17:16:35.108,7650,-3891,80,4888,3873,3818,3826
2021-08-16 17:16:35.767,7644,-3891,80,4888,3871,3819,3825
2021-08-16 17:16:39.094,7647,-3892,80,4888,3868,3819,3825
2021-08-16 17:16:39.767,7642,-3893,80,4888,3867,3818,3824
2021-08-16 17:16:43.080,7646,-3891,80,4888,3864,3818,3828
2021-08-16 17:16:43.767,7640,-3890,80,4888,3863,3817,3823
2021-08-16 17:16:47.078,7639,-3886,79,4888,3860,3816,3823
2021-08-16 17:16:47.767,7639,-3887,79,4888,3859,3816,3823
2021-08-16 17:16:51.098,7643,-3886,79,4888,3855,3816,3826
2021-08-16 17:16:51.767,7637,-3888,79,4888,3854,3815,3822
2021-08-16 17:16:55.112,7640,-3887,79,4888,3851,3814,3826
2021-08-16 17:16:55.767,7634,-3887,79,4888,3850,3815,3821
2021-08-16 17:16:59.126,7639,-3887,79,4888,3847,3814,3825
2021-08-16 17:16:59.767,7633,-3887,79,4888,3847,3814,3820
2021-08-16 17:17:03.092,7637,-3887,79,4888,3842,3813,3824
2021-08-16 17:17:03.767,7631,-3885,79,4888,3842,3813,3820
2021-08-16 17:17:07.077,7634,-3886,79,4888,3838,3811,3823
2021-08-16 17:17:07.767,7630,-3884,79,4888,3838,3811,3818
2021-08-16 17:17:11.111,7633,-3885,79,4888,3834,3811,3822
2021-08-16 17:17:11.767,7628,-3883,79,4888,3834,3810,3818
2021-08-16 17:17:15.063,7628,-3886,79,4888,3829,3809,3821
2021-08-16 17:17:15.767,7626,-3884,79,4888,3829,3809,3816
2021-08-16 17:17:19.121,7624,-3880,79,4888,3825,3809,3815
2021-08-16 17:17:19.767,7624,-3881,79,4888,3825,3808,3816
2021-08-16 17:17:23.078,7624,-3880,79,4888,3821,3808,3814
2021-08-16 17:17:23.767,7622,-3881,79,4888,3821,3807,3814
2021-08-16 17:17:27.092,7622,-3881,79,4888,3816,3807,3818
2021-08-16 17:17:27.767,7621,-3881,79,4888,3816,3806,3813
2021-08-16 17:17:31.077,7620,-3880,78,4888,3812,3806,3817
2021-08-16 17:17:31.767,7619,-3881,78,4888,3812,3806,3813
2021-08-16 17:17:35.047,7619,-3880,78,4888,3808,3806,3816
2021-08-16 17:17:35.767,7617,-3879,78,4888,3808,3805,3812
2021-08-16 17:17:39.123,7617,-3880,78,4888,3804,3804,3815
2021-08-16 17:17:39.767,7615,-3878,78,4888,3804,3804,3811
2021-08-16 17:17:43.078,7614,-3879,78,4888,3799,3804,3815
2021-08-16 17:17:43.767,7613,-3877,78,4888,3799,3803,3810
2021-08-16 17:17:47.093,7612,-3877,78,4888,3795,3802,3813
2021-08-16 17:17:47.767,7612,-3876,78,4888,3795,3802,3809
2021-08-16 17:17:51.061,7609,-3875,78,4888,3791,3801,3808
2021-08-16 17:17:51.767,7610,-3876,78,4888,3791,3802,3808
2021-08-16 17:17:55.111,7609,-3875,78,4888,3786,3801,3809
2021-08-16 17:17:55.767,7608,-3874,78,4888,3786,3801,3807
2021-08-16 17:17:59.093,7607,-3872,78,4888,3782,3799,3807
2021-08-16 17:17:59.767,7606,-3874,78,4888,3782,3800,3807
2021-08-16 17:18:03.088,7606,-3873,78,4888,3778,3800,3806
2021-08-16 17:18:03.767,7605,-3874,78,4888,3778,3799,3806
2021-08-16 17:18:07.141,7604,-3871,78,4888,3773,3799,3805
2021-08-16 17:18:07.767,7603,-3871,78,4888,3773,3798,3805
2021-08-16 17:18:11.097,7602,-3872,78,4888,3769,3797,3804
2021-08-16 17:18:11.767,7600,-3871,78,4888,3769,3797,3805
2021-08-16 17:18:15.080,7601,-3871,78,4888,3765,3796,3803
2021-08-16 17:18:15.767,7599,-3870,78,4888,3765,3796,3803
2021-08-16 17:18:19.070,7597,-3868,77,4888,3762,3795,3802
2021-08-16 17:18:19.767,7596,-3869,77,4888,3760,3795,3802
2021-08-16 17:18:23.141,7595,-3869,77,4888,3756,3794,3801
2021-08-16 17:18:23.767,7594,-3868,77,4888,3756,3794,3802
2021-08-16 17:18:27.063,7596,-3868,77,4888,3753,3793,3800
2021-08-16 17:18:27.767,7594,-3868,77,4888,3752,3793,3800
2021-08-16 17:18:31.061,7593,-3868,77,4888,3749,3792,3799
2021-08-16 17:18:31.768,7592,-3869,77,4888,3748,3792,3799
2021-08-16 17:18:35.061,7591,-3867,77,4888,3744,3792,3798
2021-08-16 17:18:35.767,7591,-3867,77,4888,3743,3792,3798
2021-08-16 17:18:39.107,7590,-3867,77,4888,3740,3790,3797
2021-08-16 17:18:39.767,7588,-3866,77,4888,3739,3790,3798
2021-08-16 17:18:43.077,7588,-3866,77,4888,3736,3791,3797
2021-08-16 17:18:43.767,7587,-3863,77,4888,3735,3790,3797
2021-08-16 17:18:47.078,7586,-3863,77,4888,3731,3790,3795
2021-08-16 17:18:47.767,7585,-3862,77,4888,3730,3789,3797
2021-08-16 17:18:51.124,7585,-3861,77,4888,3727,3789,3795
2021-08-16 17:18:51.767,7583,-3862,77,4888,3726,3788,3795
2021-08-16 17:18:55.095,7583,-3861,77,4888,3723,3787,3795
2021-08-16 17:18:55.767,7582,-3861,77,4888,3722,3787,3795
2021-08-16 17:18:59.111,7579,-3859,77,4888,3719,3786,3793
2021-08-16 17:18:59.767,7580,-3858,77,4888,3718,3787,3794
2021-08-16 17:19:03.095,7579,-3859,76,4888,3714,3786,3793
2021-08-16 17:19:03.767,7581,-3858,76,4888,3713,3785,3793
2021-08-16 17:19:07.077,7578,-3857,76,4888,3710,3785,3792
2021-08-16 17:19:07.767,7579,-3857,76,4888,3709,3785,3793
2021-08-16 17:19:11.111,7575,-3858,76,4888,3706,3784,3791
2021-08-16 17:19:11.767,7577,-3858,76,4888,3705,3784,3792
2021-08-16 17:19:15.076,7573,-3855,76,4888,3701,3782,3790
2021-08-16 17:19:15.767,7576,-3857,76,4888,3700,3782,3791
2021-08-16 17:19:19.061,7573,-3855,76,4888,3697,3781,3789
2021-08-16 17:19:19.767,7575,-3855,76,4888,3696,3781,3789
2021-08-16 17:19:23.112,7568,-3855,76,4888,3693,3780,3787
2021-08-16 17:19:23.767,7568,-3855,76,4888,3692,3780,3787
2021-08-16 17:19:27.124,7566,-3854,76,4888,3689,3780,3787
2021-08-16 17:19:27.767,7566,-3855,76,4888,3688,3779,3786
2021-08-16 17:19:31.076,7567,-3855,76,4888,3684,3778,3786
2021-08-16 17:19:31.767,7568,-3856,76,4888,3683,3778,3786
2021-08-16 17:19:35.154,7564,-3855,76,4888,3680,3778,3786
2021-08-16 17:19:35.767,7567,-3855,76,4888,3679,3778,3786
2021-08-16 17:19:39.093,7564,-3856,76,4888,3676,3777,3784
2021-08-16 17:19:39.767,7565,-3853,76,4888,3675,3777,3789
2021-08-16 17:19:43.093,7562,-3853,76,4888,3671,3776,3783
2021-08-16 17:19:44.063,7560,-3854,76,4888,3670,3776,3784
2021-08-16 17:19:47.125,7559,-3856,76,4888,3667,3775,3782
2021-08-16 17:19:47.767,7557,-3855,75,4888,3666,3775,3782
2021-08-16 17:19:51.077,7558,-3856,75,4888,3663,3775,3781
2021-08-16 17:19:51.767,7555,-3855,75,4888,3662,3774,3781
2021-08-16 17:19:55.061,7557,-3854,75,4888,3659,3774,3783
2021-08-16 17:19:55.767,7558,-3855,75,4888,3658,3773,3785
2021-08-16 17:19:59.063,7555,-3855,75,4888,3654,3773,3782
2021-08-16 17:19:59.767,7556,-3854,75,4888,3653,3773,3784
2021-08-16 17:20:03.079,7552,-3852,75,4888,3650,3772,3780
2021-08-16 17:20:03.767,7555,-3853,75,4888,3649,3773,3783
2021-08-16 17:20:07.094,7550,-3853,75,4888,3646,3771,3779
2021-08-16 17:20:07.767,7548,-3853,75,4888,3645,3771,3782
2021-08-16 17:20:11.158,7549,-3852,75,4888,3641,3770,3777
2021-08-16 17:20:11.767,7548,-3851,75,4888,3640,3770,3781
2021-08-16 17:20:15.077,7547,-3851,75,4888,3637,3769,3777
2021-08-16 17:20:15.767,7544,-3850,75,4888,3636,3769,3781
2021-08-16 17:20:19.095,7543,-3848,75,4888,3633,3768,3775
2021-08-16 17:20:19.767,7542,-3849,75,4888,3632,3768,3775
2021-08-16 17:20:23.108,7541,-3846,75,4888,3629,3767,3774
2021-08-16 17:20:23.767,7541,-3846,75,4888,3628,3767,3774
2021-08-16 17:20:27.111,7542,-3850,75,4888,3624,3766,3775
2021-08-16 17:20:27.767,7539,-3848,75,4888,3623,3766,3778
2021-08-16 17:20:31.077,7543,-3847,75,4888,3620,3765,3774
2021-08-16 17:20:31.767,7537,-3845,75,4888,3619,3765,3777
2021-08-16 17:20:35.173,7538,-3845,74,4888,3616,3765,3773
2021-08-16 17:20:35.767,7536,-3844,74,4888,3615,3764,3776
2021-08-16 17:20:39.110,7535,-3843,74,4888,3612,3763,3771
2021-08-16 17:20:39.767,7534,-3843,74,4888,3610,3763,3771
2021-08-16 17:20:43.093,7538,-3844,74,4888,3607,3762,3771
2021-08-16 17:20:43.767,7532,-3844,74,4888,3606,3762,3770
2021-08-16 17:20:47.131,7531,-3842,74,4888,3603,3761,3769
2021-08-16 17:20:47.767,7530,-3843,74,4888,3602,3762,3769
2021-08-16 17:20:51.174,7529,-3841,74,4888,3599,3761,3769
2021-08-16 17:20:51.767,7528,-3840,74,4888,3598,3761,3768
2021-08-16 17:20:55.125,7533,-3842,74,4888,3594,3760,3768
2021-08-16 17:20:55.767,7527,-3840,74,4888,3593,3760,3767
2021-08-16 17:20:59.094,7531,-3842,74,4888,3590,3760,3767
2021-08-16 17:20:59.767,7526,-3841,74,4888,3589,3759,3767
2021-08-16 17:21:03.171,7529,-3839,74,4888,3586,3758,3766
2021-08-16 17:21:03.767,7524,-3838,74,4888,3585,3758,3765
2021-08-16 17:21:07.123,7528,-3837,74,4888,3582,3758,3766
2021-08-16 17:21:07.767,7522,-3836,74,4888,3581,3757,3765
2021-08-16 17:21:11.124,7526,-3839,74,4888,3577,3757,3765
2021-08-16 17:21:11.767,7520,-3838,74,4888,3576,3756,3764
2021-08-16 17:21:15.112,7524,-3838,74,4888,3573,3757,3768
2021-08-16 17:21:15.767,7518,-3836,74,4888,3572,3756,3763
2021-08-16 17:21:19.125,7522,-3837,74,4888,3569,3756,3767
2021-08-16 17:21:19.767,7516,-3837,74,4888,3569,3755,3762
2021-08-16 17:21:23.106,7520,-3837,73,4888,3565,3755,3766
2021-08-16 17:21:23.767,7515,-3835,73,4888,3565,3754,3762
2021-08-16 17:21:27.080,7517,-3834,73,4888,3560,3753,3765
2021-08-16 17:21:27.767,7513,-3833,73,4888,3560,3753,3761
2021-08-16 17:21:31.097,7516,-3837,73,4888,3556,3752,3764
2021-08-16 17:21:31.767,7512,-3836,73,4888,3556,3752,3760
2021-08-16 17:21:35.096,7511,-3835,73,4888,3552,3751,3763
2021-08-16 17:21:35.767,7510,-3832,73,4888,3552,3751,3759
2021-08-16 17:21:39.125,7512,-3832,73,4888,3548,3750,3762
2021-08-16 17:21:39.767,7508,-3829,73,4888,3548,3750,3758
2021-08-16 17:21:43.108,7508,-3831,73,4888,3543,3749,3761
2021-08-16 17:21:43.767,7506,-3831,73,4888,3543,3749,3757
2021-08-16 17:21:47.110,7507,-3831,73,4888,3539,3748,3760
2021-08-16 17:21:47.767,7505,-3830,73,4888,3539,3748,3756
2021-08-16 17:21:51.095,7505,-3828,73,4888,3535,3747,3760
2021-08-16 17:21:51.767,7503,-3828,73,4888,3535,3747,3755
2021-08-16 17:21:55.108,7503,-3824,73,4888,3531,3747,3759
2021-08-16 17:21:55.767,7502,-3826,73,4888,3531,3746,3754
2021-08-16 17:21:59.094,7500,-3822,73,4888,3526,3746,3758
2021-08-16 17:21:59.767,7500,-3824,73,4888,3526,3746,3753
2021-08-16 17:22:03.108,7499,-3826,73,4888,3522,3746,3757
2021-08-16 17:22:03.767,7498,-3827,73,4888,3522,3745,3752
2021-08-16 17:22:07.108,7498,-3824,72,4888,3518,3745,3756
2021-08-16 17:22:07.767,7496,-3824,72,4888,3518,3744,3752
2021-08-16 17:22:11.155,7496,-3822,72,4888,3514,3743,3755
2021-08-16 17:22:11.767,7495,-3823,72,4888,3514,3743,3751
2021-08-16 17:22:15.092,7494,-3821,72,4888,3509,3744,3751
2021-08-16 17:22:15.767,7493,-3820,72,4888,3509,3743,3750
2021-08-16 17:22:19.237,7493,-3819,72,4888,3505,3741,3753
2021-08-16 17:22:19.871,7491,-3819,72,4888,3505,3741,3749
2021-08-16 17:22:23.266,7490,-3819,72,4888,3501,3741,3753
2021-08-16 17:22:23.871,7489,-3819,72,4888,3501,3740,3748
2021-08-16 17:22:27.048,7489,-3820,72,4888,3497,3740,3748
2021-08-16 17:22:27.871,7487,-3820,72,4888,3497,3739,3747
2021-08-16 17:22:32.924,7486,-3819,72,4888,3491,3739,3746
2021-08-16 17:22:35.282,7486,-3818,72,4888,3488,3738,3750
2021-08-16 17:22:35.871,7484,-3817,72,4888,3488,3738,3746
2021-08-16 17:22:39.062,7484,-3817,72,4888,3485,3737,3745
2021-08-16 17:22:39.871,7482,-3816,72,4888,3484,3737,3745
2021-08-16 17:22:43.123,7481,-3815,72,4888,3480,3737,3744
2021-08-16 17:22:43.871,7480,-3814,72,4888,3480,3736,3744
2021-08-16 17:22:47.094,7480,-3814,72,4888,3476,3735,3743
2021-08-16 17:22:47.871,7480,-3814,72,4888,3475,3735,3743
2021-08-16 17:22:54.315,7477,-3814,71,4888,3468,3734,3746
2021-08-16 17:22:57.530,7478,-3813,71,4888,3465,3733,3743
2021-08-16 17:22:59.488,7478,-3814,71,4888,3463,3734,3745
2021-08-16 17:23:00.061,7473,-3812,71,4888,3463,3732,3742
2021-08-16 17:23:03.077,7474,-3814,71,4888,3459,3732,3740
2021-08-16 17:23:03.871,7473,-3813,71,4888,3458,3732,3740
2021-08-16 17:23:07.093,7472,-3811,71,4888,3455,3733,3739
2021-08-16 17:23:07.871,7471,-3811,71,4888,3454,3731,3739
2021-08-16 17:23:11.144,7470,-3813,71,4888,3451,3730,3738
2021-08-16 17:23:11.871,7469,-3811,71,4888,3450,3730,3738
2021-08-16 17:23:15.094,7468,-3811,71,4888,3447,3729,3738
2021-08-16 17:23:15.871,7468,-3811,71,4888,3446,3729,3737
2021-08-16 17:23:19.142,7467,-3812,71,4888,3443,3729,3737
2021-08-16 17:23:19.871,7465,-3810,71,4888,3441,3728,3736
2021-08-16 17:23:23.160,7466,-3810,71,4888,3438,3729,3736
2021-08-16 17:23:23.871,7464,-3810,71,4888,3437,3728,3736
2021-08-16 17:23:27.108,7464,-3805,71,4888,3434,3728,3736
2021-08-16 17:23:27.871,7461,-3808,71,4888,3433,3727,3735
2021-08-16 17:23:31.077,7461,-3809,71,4888,3430,3727,3734
2021-08-16 17:23:31.871,7462,-3809,71,4888,3429,3726,3736
2021-08-16 17:23:35.132,7459,-3807,71,4888,3426,3725,3734
2021-08-16 17:23:35.871,7459,-3806,71,4888,3425,3725,3734
2021-08-16 17:23:39.218,7457,-3808,70,4888,3421,3724,3732
2021-08-16 17:23:39.871,7457,-3805,70,4888,3420,3724,3733
2021-08-16 17:23:43.047,7458,-3805,70,4888,3417,3723,3731
2021-08-16 17:23:43.871,7455,-3803,70,4888,3416,3723,3732
2021-08-16 17:23:47.124,7454,-3802,70,4888,3413,3723,3731
2021-08-16 17:23:47.871,7454,-3802,70,4888,3412,3722,3732
2021-08-16 17:23:51.112,7454,-3803,70,4888,3409,3722,3730
2021-08-16 17:23:51.871,7452,-3802,70,4888,3408,3721,3731
2021-08-16 17:23:55.111,7453,-3802,70,4888,3404,3721,3729
2021-08-16 17:23:55.871,7454,-3801,70,4888,3403,3720,3730
2021-08-16 17:23:59.093,7450,-3802,70,4888,3400,3720,3728
2021-08-16 17:23:59.871,7452,-3802,70,4888,3399,3720,3729
2021-08-16 17:24:03.109,7449,-3800,70,4888,3396,3719,3727
2021-08-16 17:24:03.871,7451,-3800,70,4888,3395,3719,3728
2021-08-16 17:24:07.109,7448,-3800,70,4888,3392,3718,3726
2021-08-16 17:24:07.871,7449,-3800,70,4888,3391,3718,3727
2021-08-16 17:24:11.124,7445,-3800,70,4888,3388,3717,3725
2021-08-16 17:24:11.871,7447,-3797,70,4888,3387,3717,3726
2021-08-16 17:24:15.081,7444,-3800,70,4888,3383,3717,3725
2021-08-16 17:24:15.871,7445,-3800,70,4888,3382,3716,3725
2021-08-16 17:24:19.126,7442,-3800,70,4888,3379,3717,3724
2021-08-16 17:24:19.871,7443,-3800,70,4888,3378,3715,3724
2021-08-16 17:24:23.135,7440,-3800,70,4888,3375,3716,3723
2021-08-16 17:24:23.871,7442,-3800,70,4888,3374,3715,3724
2021-08-16 17:24:27.104,7439,-3799,69,4888,3371,3715,3724
2021-08-16 17:24:27.871,7441,-3798,69,4888,3370,3715,3723
2021-08-16 17:24:31.109,7437,-3797,69,4888,3367,3714,3723
2021-08-16 17:24:31.871,7439,-3794,69,4888,3365,3713,3726
2021-08-16 17:24:35.109,7435,-3796,69,4888,3362,3713,3722
2021-08-16 17:24:35.871,7437,-3793,69,4888,3361,3713,3725
2021-08-16 17:24:39.111,7433,-3795,69,4888,3358,3712,3721
2021-08-16 17:24:39.871,7435,-3794,69,4888,3357,3711,3724
2021-08-16 17:24:43.082,7432,-3793,69,4888,3354,3711,3721
2021-08-16 17:24:43.871,7434,-3793,69,4888,3353,3710,3724
2021-08-16 17:24:47.077,7433,-3793,69,4888,3350,3709,3719
2021-08-16 17:24:47.871,7432,-3793,69,4888,3349,3709,3722
2021-08-16 17:24:51.110,7428,-3793,69,4888,3345,3710,3719
2021-08-16 17:24:51.871,7430,-3794,69,4888,3344,3708,3721
2021-08-16 17:24:55.093,7429,-3791,69,4888,3341,3708,3717
2021-08-16 17:24:55.871,7428,-3791,69,4888,3340,3708,3720
2021-08-16 17:24:59.094,7428,-3791,69,4888,3337,3707,3716
2021-08-16 17:24:59.871,7422,-3789,69,4888,3336,3707,3716
2021-08-16 17:25:03.081,7427,-3790,69,4888,3333,3706,3716
2021-08-16 17:25:03.872,7420,-3790,69,4888,3332,3706,3719
2021-08-16 17:25:07.094,7424,-3789,69,4888,3329,3705,3715
2021-08-16 17:25:07.872,7419,-3788,69,4888,3328,3705,3718
2021-08-16 17:25:11.109,7423,-3787,69,4888,3324,3704,3714
2021-08-16 17:25:11.872,7417,-3787,68,4888,3323,3704,3717
2021-08-16 17:25:15.064,7421,-3786,68,4888,3320,3705,3713
2021-08-16 17:25:15.872,7416,-3786,68,4888,3319,3703,3716
2021-08-16 17:25:19.093,7420,-3784,68,4888,3316,3704,3712
2021-08-16 17:25:19.872,7414,-3783,68,4888,3315,3703,3716
2021-08-16 17:25:23.093,7418,-3783,68,4888,3312,3703,3711
2021-08-16 17:25:23.872,7412,-3781,68,4888,3311,3702,3715
2021-08-16 17:25:27.252,7411,-3781,68,4888,3308,3701,3710
2021-08-16 17:25:27.872,7410,-3781,68,4888,3306,3701,3715
2021-08-16 17:25:31.142,7415,-3780,68,4888,3303,3700,3710
2021-08-16 17:25:31.872,7409,-3782,68,4888,3302,3700,3713
2021-08-16 17:25:35.062,7413,-3780,68,4888,3299,3701,3713
2021-08-16 17:25:35.872,7408,-3779,68,4888,3298,3700,3713
2021-08-16 17:25:39.125,7412,-3779,68,4888,3295,3700,3712
2021-08-16 17:25:39.872,7406,-3778,68,4888,3294,3699,3707
2021-08-16 17:25:43.123,7409,-3779,68,4888,3291,3698,3711
2021-08-16 17:25:43.872,7405,-3778,68,4888,3290,3698,3706
2021-08-16 17:25:47.139,7408,-3779,68,4888,3287,3698,3710
2021-08-16 17:25:47.872,7403,-3777,68,4888,3286,3697,3706
2021-08-16 17:25:51.170,7408,-3777,68,4888,3282,3699,3709
2021-08-16 17:25:51.872,7401,-3777,68,4888,3281,3696,3705
2021-08-16 17:25:55.157,7404,-3777,68,4888,3278,3695,3709
2021-08-16 17:25:55.872,7400,-3777,68,4888,3277,3696,3704
2021-08-16 17:25:59.112,7398,-3776,67,4888,3274,3694,3703
2021-08-16 17:25:59.872,7397,-3775,67,4888,3273,3694,3703
2021-08-16 17:26:03.127,7400,-3775,67,4888,3270,3693,3706
2021-08-16 17:26:03.872,7396,-3775,67,4888,3269,3693,3703
2021-08-16 17:26:07.145,7398,-3776,67,4888,3266,3693,3706
2021-08-16 17:26:07.872,7394,-3774,67,4888,3265,3693,3703
2021-08-16 17:26:11.096,7393,-3774,67,4888,3261,3692,3705
2021-08-16 17:26:11.872,7393,-3773,67,4888,3260,3691,3701
2021-08-16 17:26:15.116,7393,-3775,67,4888,3257,3691,3704
2021-08-16 17:26:15.872,7391,-3774,67,4888,3257,3691,3700
2021-08-16 17:26:19.131,7389,-3772,67,4888,3253,3690,3703
2021-08-16 17:26:19.872,7389,-3773,67,4888,3253,3690,3699
2021-08-16 17:26:23.098,7389,-3772,67,4888,3249,3690,3702
2021-08-16 17:26:23.872,7388,-3771,67,4888,3249,3689,3698
2021-08-16 17:26:27.202,7390,-3774,67,4888,3245,3688,3702
2021-08-16 17:26:27.872,7386,-3771,67,4888,3245,3688,3698
2021-08-16 17:26:31.172,7386,-3773,67,4888,3240,3687,3700
2021-08-16 17:26:31.872,7385,-3772,67,4888,3240,3687,3696
2021-08-16 17:26:35.158,7383,-3773,67,4888,3236,3687,3700
2021-08-16 17:26:35.872,7383,-3773,67,4888,3236,3687,3695
2021-08-16 17:26:39.187,7381,-3769,67,4888,3232,3686,3699
2021-08-16 17:26:39.872,7381,-3768,67,4888,3232,3686,3695
2021-08-16 17:26:43.080,7380,-3768,67,4888,3228,3686,3694
2021-08-16 17:26:43.872,7381,-3768,67,4888,3228,3686,3694
2021-08-16 17:26:47.183,7379,-3767,66,4888,3224,3684,3697
2021-08-16 17:26:47.872,7379,-3767,66,4888,3224,3685,3693
2021-08-16 17:26:51.079,7378,-3766,66,4888,3219,3684,3694
2021-08-16 17:26:51.872,7377,-3768,66,4888,3219,3684,3693
2021-08-16 17:26:55.160,7376,-3768,66,4888,3215,3683,3692
2021-08-16 17:26:55.872,7375,-3767,66,4888,3215,3683,3692
2021-08-16 17:26:59.110,7375,-3767,66,4888,3211,3683,3692
2021-08-16 17:26:59.872,7374,-3767,66,4888,3211,3682,3692
2021-08-16 17:27:03.099,7372,-3765,66,4888,3207,3681,3691
2021-08-16 17:27:03.872,7372,-3765,66,4888,3207,3681,3691
2021-08-16 17:27:07.142,7370,-3763,66,4888,3203,3680,3689
2021-08-16 17:27:07.872,7370,-3765,66,4888,3203,3681,3690
2021-08-16 17:27:11.113,7369,-3763,66,4888,3199,3679,3689
2021-08-16 17:27:11.872,7367,-3764,66,4888,3199,3679,3688
2021-08-16 17:27:15.144,7367,-3763,66,4888,3194,3679,3688
2021-08-16 17:27:15.872,7367,-3763,66,4888,3194,3678,3689
2021-08-16 17:27:19.155,7366,-3764,66,4888,3190,3678,3687
2021-08-16 17:27:19.872,7365,-3763,66,4888,3190,3677,3687
2021-08-16 17:27:23.177,7364,-3761,66,4888,3186,3677,3687
2021-08-16 17:27:23.872,7363,-3762,66,4888,3186,3677,3687
2021-08-16 17:27:27.175,7363,-3759,66,4888,3182,3676,3686
2021-08-16 17:27:27.872,7362,-3760,66,4888,3182,3676,3685
2021-08-16 17:27:31.191,7362,-3757,66,4888,3178,3675,3685
2021-08-16 17:27:31.873,7360,-3757,66,4888,3178,3675,3685
2021-08-16 17:27:35.267,7359,-3757,65,4888,3173,3674,3684
2021-08-16 17:27:35.873,7357,-3756,65,4888,3173,3674,3683
2021-08-16 17:27:39.113,7357,-3755,65,4888,3170,3674,3683
2021-08-16 17:27:39.873,7357,-3754,65,4888,3169,3674,3683
2021-08-16 17:27:43.217,7354,-3752,65,4888,3165,3673,3682
2021-08-16 17:27:43.873,7355,-3752,65,4888,3165,3673,3682
2021-08-16 17:27:47.334,7354,-3752,65,4888,3161,3672,3682
2021-08-16 17:27:47.907,7354,-3752,65,4888,3161,3672,3681
2021-08-16 17:27:51.077,7351,-3751,65,4888,3158,3671,3680
2021-08-16 17:27:51.873,7354,-3754,65,4888,3157,3673,3682
2021-08-16 17:27:55.111,7352,-3752,65,4888,3154,3672,3681
2021-08-16 17:27:55.873,7350,-3750,65,4888,3153,3670,3679
2021-08-16 17:27:59.095,7350,-3750,65,4888,3150,3670,3680
2021-08-16 17:27:59.873,7350,-3750,65,4888,3148,3670,3680
2021-08-16 17:28:03.077,7348,-3752,65,4888,3145,3669,3679
2021-08-16 17:28:03.873,7348,-3750,65,4888,3144,3669,3679
2021-08-16 17:28:07.191,7346,-3750,65,4888,3141,3669,3677
2021-08-16 17:28:07.873,7346,-3750,65,4888,3140,3668,3678
2021-08-16 17:28:11.124,7345,-3749,65,4888,3137,3668,3677
2021-08-16 17:28:11.873,7344,-3749,65,4888,3136,3667,3677
2021-08-16 17:28:15.080,7345,-3749,65,4888,3133,3666,3676
2021-08-16 17:28:15.873,7343,-3746,65,4888,3132,3666,3677
2021-08-16 17:28:19.076,7343,-3749,65,4888,3129,3665,3675
2021-08-16 17:28:19.873,7341,-3748,64,4888,3128,3665,3676
2021-08-16 17:28:23.077,7342,-3747,64,4888,3125,3665,3674
2021-08-16 17:28:23.873,7342,-3748,64,4888,3123,3665,3675
2021-08-16 17:28:27.108,7338,-3747,64,4888,3120,3664,3673
2021-08-16 17:28:27.873,7341,-3748,64,4888,3119,3664,3674
2021-08-16 17:28:31.076,7337,-3743,64,4888,3116,3663,3672
2021-08-16 17:28:31.873,7340,-3745,64,4888,3115,3663,3673
2021-08-16 17:28:35.093,7337,-3744,64,4888,3112,3662,3672
2021-08-16 17:28:35.873,7338,-3745,64,4888,3111,3662,3673
2021-08-16 17:28:39.099,7336,-3745,64,4888,3108,3662,3671
2021-08-16 17:28:39.873,7336,-3746,64,4888,3107,3661,3672
2021-08-16 17:28:43.098,7334,-3743,64,4888,3104,3662,3671
2021-08-16 17:28:43.873,7335,-3742,64,4888,3103,3661,3671
2021-08-16 17:28:47.093,7332,-3741,64,4888,3100,3661,3669
2021-08-16 17:28:47.873,7334,-3742,64,4888,3099,3660,3670
2021-08-16 17:28:51.064,7331,-3742,64,4888,3095,3660,3670
2021-08-16 17:28:51.873,7336,-3741,64,4888,3094,3664,3669
2021-08-16 17:28:55.115,7326,-3739,64,4888,3091,3658,3668
2021-08-16 17:28:55.873,7330,-3740,64,4888,3090,3659,3669
2021-08-16 17:28:59.093,7326,-3740,64,4888,3087,3658,3668
2021-08-16 17:28:59.873,7329,-3740,64,4888,3086,3659,3671
2021-08-16 17:29:03.276,7326,-3739,64,4888,3083,3657,3666
2021-08-16 17:29:03.873,7327,-3738,64,4888,3082,3657,3670
2021-08-16 17:29:07.111,7324,-3738,63,4888,3079,3657,3667
2021-08-16 17:29:07.873,7326,-3736,63,4888,3078,3656,3669
2021-08-16 17:29:11.173,7322,-3737,63,4888,3075,3656,3666
2021-08-16 17:29:11.873,7325,-3738,63,4888,3074,3656,3669
2021-08-16 17:29:15.108,7320,-3736,63,4888,3070,3655,3665
2021-08-16 17:29:15.873,7322,-3735,63,4888,3069,3654,3668
2021-08-16 17:29:19.141,7320,-3736,63,4888,3066,3655,3665
2021-08-16 17:29:19.873,7321,-3736,63,4888,3065,3653,3667
2021-08-16 17:29:23.110,7321,-3735,63,4888,3062,3653,3664
2021-08-16 17:29:23.873,7319,-3735,63,4888,3061,3652,3666
2021-08-16 17:29:27.111,7319,-3736,63,4888,3058,3652,3663
2021-08-16 17:29:27.873,7314,-3737,63,4888,3057,3652,3666
2021-08-16 17:29:31.060,7317,-3736,63,4888,3054,3651,3662
2021-08-16 17:29:31.873,7313,-3735,63,4888,3053,3651,3664
2021-08-16 17:29:35.076,7315,-3734,63,4888,3050,3651,3661
2021-08-16 17:29:35.873,7311,-3734,63,4888,3049,3650,3663
2021-08-16 17:29:39.109,7315,-3734,63,4888,3046,3650,3660
2021-08-16 17:29:39.873,7309,-3734,63,4888,3045,3650,3663
2021-08-16 17:29:43.093,7314,-3733,63,4888,3041,3649,3660
2021-08-16 17:29:43.873,7308,-3732,63,4888,3040,3649,3662
2021-08-16 17:29:47.077,7311,-3733,63,4888,3037,3649,3659
2021-08-16 17:29:47.873,7306,-3733,63,4888,3036,3648,3661
2021-08-16 17:29:51.220,7307,-3736,63,4888,3033,3648,3659
2021-08-16 17:29:51.873,7304,-3735,63,4888,3032,3652,3662
2021-08-16 17:29:55.154,7308,-3733,62,4888,3029,3647,3657
2021-08-16 17:29:55.874,7303,-3732,62,4888,3028,3647,3660
2021-08-16 17:29:59.064,7306,-3733,62,4888,3025,3647,3660
2021-08-16 17:29:59.873,7303,-3732,62,4888,3024,3647,3659
2021-08-16 17:30:03.142,7300,-3733,62,4888,3021,3645,3655
2021-08-16 17:30:03.873,7300,-3731,62,4888,3020,3645,3658
2021-08-16 17:30:07.049,7303,-3730,62,4888,3017,3645,3658
2021-08-16 17:30:07.873,7299,-3729,62,4888,3015,3644,3655
2021-08-16 17:30:11.125,7297,-3728,62,4888,3012,3644,3653
2021-08-16 17:30:11.873,7298,-3726,62,4888,3011,3644,3653
2021-08-16 17:30:15.187,7300,-3727,62,4888,3008,3644,3653
2021-08-16 17:30:15.873,7296,-3727,62,4888,3007,3643,3653
2021-08-16 17:30:19.079,7298,-3727,62,4888,3004,3642,3656
2021-08-16 17:30:19.873,7294,-3728,62,4888,3003,3642,3652
2021-08-16 17:30:23.080,7294,-3726,62,4888,3000,3642,3655
2021-08-16 17:30:23.873,7292,-3726,62,4888,2999,3641,3651
2021-08-16 17:30:27.160,7296,-3726,62,4888,2996,3641,3654
2021-08-16 17:30:27.873,7292,-3726,62,4888,2995,3642,3651
2021-08-16 17:30:31.096,7291,-3724,62,4888,2992,3640,3654
2021-08-16 17:30:31.873,7289,-3723,62,4888,2991,3640,3649
2021-08-16 17:30:35.131,7292,-3724,62,4888,2988,3639,3653
2021-08-16 17:30:35.873,7288,-3723,62,4888,2987,3639,3649
2021-08-16 17:30:39.086,7289,-3724,62,4888,2983,3638,3652
2021-08-16 17:30:39.873,7287,-3725,62,4888,2982,3638,3648
2021-08-16 17:30:43.096,7287,-3723,61,4888,2979,3638,3651
2021-08-16 17:30:43.873,7285,-3724,61,4888,2979,3638,3647
2021-08-16 17:30:47.112,7285,-3724,61,4888,2975,3637,3650
2021-08-16 17:30:47.873,7284,-3725,61,4888,2975,3637,3646
2021-08-16 17:30:51.065,7284,-3724,61,4888,2971,3638,3649
2021-08-16 17:30:51.873,7283,-3723,61,4888,2971,3636,3645
2021-08-16 17:30:55.140,7281,-3723,61,4888,2967,3635,3649
2021-08-16 17:30:55.873,7281,-3723,61,4888,2967,3635,3645
2021-08-16 17:30:59.076,7281,-3722,61,4888,2963,3636,3648
2021-08-16 17:30:59.873,7279,-3721,61,4888,2963,3635,3644
2021-08-16 17:31:03.133,7280,-3722,61,4888,2959,3634,3647
2021-08-16 17:31:03.873,7277,-3722,61,4888,2959,3634,3643
2021-08-16 17:31:07.078,7278,-3722,61,4888,2954,3635,3644
2021-08-16 17:31:07.873,7276,-3721,61,4888,2954,3633,3643
2021-08-16 17:31:11.161,7275,-3715,61,4888,2950,3633,3646
2021-08-16 17:31:11.873,7275,-3713,61,4888,2950,3632,3642
2021-08-16 17:31:15.118,7275,-3714,61,4888,2946,3632,3643
2021-08-16 17:31:15.873,7273,-3713,61,4888,2946,3632,3641
2021-08-16 17:31:19.097,7274,-3714,61,4888,2942,3632,3642
2021-08-16 17:31:19.873,7272,-3714,61,4888,2942,3631,3641
2021-08-16 17:31:23.110,7272,-3713,61,4888,2938,3631,3641
2021-08-16 17:31:23.873,7271,-3709,61,4888,2938,3631,3640
2021-08-16 17:31:27.221,7270,-3711,61,4888,2934,3630,3644
2021-08-16 17:31:27.873,7270,-3709,61,4888,2934,3629,3639
2021-08-16 17:31:31.111,7269,-3708,60,4888,2930,3630,3639
2021-08-16 17:31:31.873,7268,-3708,60,4888,2930,3629,3639
2021-08-16 17:31:35.156,7266,-3706,60,4888,2926,3628,3638
2021-08-16 17:31:35.873,7267,-3708,60,4888,2926,3628,3638
2021-08-16 17:31:39.125,7265,-3705,60,4888,2921,3628,3637
2021-08-16 17:31:39.874,7264,-3705,60,4888,2921,3627,3637
2021-08-16 17:31:43.099,7263,-3707,60,4888,2918,3627,3637
2021-08-16 17:31:43.873,7263,-3707,60,4888,2917,3627,3636
2021-08-16 17:31:47.209,7264,-3709,60,4888,2913,3627,3637
2021-08-16 17:31:47.873,7263,-3707,60,4888,2913,3627,3636
2021-08-16 17:31:51.306,7262,-3708,60,4888,2909,3626,3639
2021-08-16 17:31:51.909,7263,-3705,60,4888,2909,3626,3635
2021-08-16 17:31:55.187,7260,-3708,60,4888,2905,3625,3636
2021-08-16 17:31:55.873,7260,-3708,60,4888,2905,3625,3635
2021-08-16 17:31:59.222,7259,-3706,60,4888,2901,3624,3634
2021-08-16 17:31:59.891,7259,-3704,60,4888,2901,3625,3634
2021-08-16 17:32:03.143,7258,-3704,60,4888,2898,3623,3633
2021-08-16 17:32:03.891,7257,-3704,60,4888,2897,3623,3633
2021-08-16 17:32:07.093,7257,-3701,60,4888,2894,3624,3632
2021-08-16 17:32:07.891,7256,-3701,60,4888,2893,3622,3632
2021-08-16 17:32:11.090,7256,-3703,60,4888,2890,3623,3632
2021-08-16 17:32:11.891,7255,-3702,60,4888,2889,3622,3631
2021-08-16 17:32:15.156,7254,-3704,60,4888,2885,3623,3631
2021-08-16 17:32:15.891,7253,-3702,60,4888,2884,3621,3631
2021-08-16 17:32:19.110,7253,-3703,59,4888,2881,3622,3631
2021-08-16 17:32:19.891,7253,-3703,59,4888,2880,3621,3630
2021-08-16 17:32:23.097,7251,-3705,59,4888,2877,3620,3631
2021-08-16 17:32:23.891,7251,-3703,59,4888,2876,3621,3629
2021-08-16 17:32:27.192,7249,-3705,59,4888,2873,3619,3629
2021-08-16 17:32:27.891,7249,-3702,59,4888,2872,3619,3629
2021-08-16 17:32:31.219,7248,-3703,59,4888,2869,3618,3628
2021-08-16 17:32:31.891,7247,-3702,59,4888,2868,3618,3629
2021-08-16 17:32:35.190,7247,-3702,59,4888,2865,3618,3627
2021-08-16 17:32:35.891,7246,-3701,59,4888,2864,3618,3628
2021-08-16 17:32:39.125,7246,-3701,59,4888,2861,3618,3628
2021-08-16 17:32:39.891,7245,-3700,59,4888,2860,3617,3628
2021-08-16 17:32:43.144,7242,-3698,59,4888,2857,3616,3626
2021-08-16 17:32:43.891,7243,-3696,59,4888,2856,3616,3627
2021-08-16 17:32:47.062,7244,-3699,59,4888,2853,3616,3626
2021-08-16 17:32:47.891,7241,-3699,59,4888,2852,3615,3626
2021-08-16 17:32:51.145,7239,-3699,59,4888,2848,3615,3625
2021-08-16 17:32:51.891,7239,-3696,59,4888,2847,3614,3625
2021-08-16 17:32:55.219,7239,-3698,59,4888,2844,3614,3625
2021-08-16 17:32:55.891,7242,-3698,59,4888,2843,3615,3625
2021-08-16 17:32:59.442,7236,-3696,59,4888,2839,3613,3623
2021-08-16 17:33:00.001,7236,-3697,59,4888,2839,3613,3623
2021-08-16 17:33:03.250,7237,-3697,59,4888,2836,3614,3623
2021-08-16 17:33:03.891,7239,-3697,58,4888,2835,3613,3624
2021-08-16 17:33:07.128,7237,-3696,58,4888,2832,3612,3622
2021-08-16 17:33:07.891,7238,-3696,58,4888,2831,3612,3623
2021-08-16 17:33:11.084,7236,-3696,58,4888,2828,3613,3621
2021-08-16 17:33:11.891,7233,-3696,58,4888,2827,3612,3621
2021-08-16 17:33:15.318,7231,-3694,58,4888,2824,3611,3621
2021-08-16 17:33:15.898,7235,-3695,58,4888,2823,3611,3622
2021-08-16 17:33:19.218,7233,-3695,58,4888,2820,3610,3620
2021-08-16 17:33:19.898,7233,-3694,58,4888,2819,3610,3621
2021-08-16 17:33:23.110,7229,-3693,58,4888,2816,3609,3619
2021-08-16 17:33:23.898,7228,-3693,58,4888,2815,3609,3619
2021-08-16 17:33:27.099,7230,-3692,58,4888,2811,3610,3620
2021-08-16 17:33:27.898,7232,-3693,58,4888,2810,3610,3619
2021-08-16 17:33:31.064,7228,-3693,58,4888,2807,3609,3620
2021-08-16 17:33:31.898,7230,-3690,58,4888,2806,3608,3619
2021-08-16 17:33:35.124,7227,-3693,58,4888,2803,3609,3619
2021-08-16 17:33:35.901,7229,-3691,58,4888,2802,3608,3621
2021-08-16 17:33:39.080,7224,-3691,58,4888,2799,3607,3618
2021-08-16 17:33:39.901,7227,-3692,58,4888,2798,3607,3620
2021-08-16 17:33:43.179,7224,-3694,58,4888,2795,3607,3618
2021-08-16 17:33:43.901,7226,-3694,58,4888,2794,3607,3620
2021-08-16 17:33:47.156,7223,-3693,58,4888,2791,3605,3617
2021-08-16 17:33:47.901,7225,-3692,58,4888,2790,3605,3619
2021-08-16 17:33:51.175,7220,-3692,58,4888,2787,3605,3616
2021-08-16 17:33:51.903,7223,-3691,57,4888,2786,3605,3619
2021-08-16 17:33:55.096,7223,-3693,57,4888,2783,3604,3615
2021-08-16 17:33:55.901,7221,-3691,57,4888,2782,3604,3618
2021-08-16 17:33:59.093,7221,-3692,57,4888,2779,3603,3614
2021-08-16 17:33:59.901,7216,-3689,57,4888,2778,3603,3613
2021-08-16 17:34:03.187,7217,-3690,57,4888,2775,3603,3614
2021-08-16 17:34:03.901,7215,-3687,57,4888,2774,3602,3617
2021-08-16 17:34:07.094,7219,-3688,57,4888,2770,3602,3613
2021-08-16 17:34:07.915,7214,-3688,57,4888,2769,3602,3616
2021-08-16 17:34:11.303,7215,-3687,57,4888,2766,3601,3611
2021-08-16 17:34:11.926,7213,-3687,57,4888,2765,3602,3615
2021-08-16 17:34:15.110,7216,-3690,57,4888,2762,3601,3611
2021-08-16 17:34:15.920,7211,-3689,57,4888,2761,3600,3615
2021-08-16 17:34:19.171,7216,-3686,57,4888,2758,3600,3611
2021-08-16 17:34:19.920,7210,-3686,57,4888,2757,3600,3614
2021-08-16 17:34:24.811,7209,-3689,57,4888,2752,3599,3610
2021-08-16 17:34:27.202,7213,-3688,57,4888,2750,3599,3610
2021-08-16 17:34:27.920,7207,-3690,57,4888,2749,3598,3612
2021-08-16 17:34:31.076,7212,-3685,57,4888,2746,3599,3613
2021-08-16 17:34:31.920,7206,-3684,57,4888,2745,3598,3608
2021-08-16 17:34:35.124,7209,-3682,57,4888,2742,3598,3612
2021-08-16 17:34:35.920,7206,-3683,57,4888,2741,3598,3611
2021-08-16 17:34:39.267,7209,-3680,57,4888,2738,3597,3608
2021-08-16 17:34:39.920,7203,-3679,56,4888,2737,3597,3611
2021-08-16 17:34:43.140,7206,-3683,56,4888,2734,3596,3610
2021-08-16 17:34:43.920,7203,-3681,56,4888,2733,3597,3606
2021-08-16 17:34:47.126,7205,-3685,56,4888,2729,3595,3610
2021-08-16 17:34:47.920,7202,-3683,56,4888,2728,3596,3606
2021-08-16 17:34:51.061,7202,-3680,56,4888,2725,3595,3609
2021-08-16 17:34:51.920,7200,-3680,56,4888,2724,3595,3605
2021-08-16 17:34:55.111,7203,-3679,56,4888,2721,3594,3608
2021-08-16 17:34:55.920,7198,-3677,56,4888,2720,3594,3604
2021-08-16 17:34:59.130,7202,-3677,56,4888,2717,3594,3608
2021-08-16 17:34:59.920,7198,-3676,56,4888,2716,3594,3604
2021-08-16 17:35:03.203,7201,-3675,56,4888,2713,3593,3608
2021-08-16 17:35:03.920,7198,-3676,56,4888,2712,3594,3604
2021-08-16 17:35:07.187,7200,-3677,56,4888,2709,3593,3607
2021-08-16 17:35:07.920,7195,-3677,56,4888,2708,3592,3603
2021-08-16 17:35:11.125,7195,-3679,56,4888,2705,3592,3606
2021-08-16 17:35:11.920,7193,-3679,56,4888,2704,3592,3602
2021-08-16 17:35:15.141,7194,-3678,56,4888,2701,3591,3605
2021-08-16 17:35:15.924,7193,-3676,56,4888,2700,3591,3601
2021-08-16 17:35:19.110,7193,-3670,56,4888,2697,3591,3605
2021-08-16 17:35:19.924,7193,-3671,56,4888,2697,3590,3601
2021-08-16 17:35:23.139,7193,-3668,56,4888,2693,3595,3606
2021-08-16 17:35:23.924,7192,-3670,56,4888,2693,3590,3600
2021-08-16 17:35:27.155,7191,-3670,56,4888,2689,3589,3604
2021-08-16 17:35:27.924,7190,-3670,56,4888,2689,3589,3600
2021-08-16 17:35:31.078,7190,-3670,55,4888,2685,3590,3600
2021-08-16 17:35:31.924,7188,-3669,55,4888,2685,3589,3599
2021-08-16 17:35:35.141,7189,-3669,55,4888,2680,3590,3603
2021-08-16 17:35:35.924,7187,-3670,55,4888,2680,3588,3598
2021-08-16 17:35:39.179,7185,-3669,55,4888,2676,3587,3598
2021-08-16 17:35:39.924,7186,-3668,55,4888,2676,3588,3598
2021-08-16 17:35:43.076,7184,-3669,55,4888,2672,3587,3597
2021-08-16 17:35:43.924,7185,-3668,55,4888,2672,3587,3597
2021-08-16 17:35:47.094,7184,-3669,55,4888,2668,3586,3597
2021-08-16 17:35:47.925,7184,-3668,55,4888,2668,3587,3596
2021-08-16 17:35:51.141,7183,-3669,55,4888,2664,3586,3597
2021-08-16 17:35:51.925,7181,-3669,55,4888,2664,3586,3596
2021-08-16 17:35:55.160,7180,-3667,55,4888,2660,3585,3595
2021-08-16 17:35:55.925,7180,-3668,55,4888,2660,3585,3595
2021-08-16 17:35:59.091,7179,-3669,55,4888,2656,3584,3595
2021-08-16 17:35:59.925,7179,-3670,55,4888,2656,3584,3595
2021-08-16 17:36:03.111,7179,-3670,55,4888,2652,3584,3595
2021-08-16 17:36:03.925,7178,-3669,55,4888,2652,3584,3594
2021-08-16 17:36:07.127,7179,-3670,55,4888,2648,3583,3594
2021-08-16 17:36:07.925,7176,-3670,55,4888,2648,3583,3593
2021-08-16 17:36:11.327,7177,-3668,55,4888,2644,3582,3597
2021-08-16 17:36:11.925,7176,-3669,55,4888,2644,3582,3593
2021-08-16 17:36:15.109,7176,-3669,55,4888,2641,3582,3593
2021-08-16 17:36:15.925,7174,-3670,55,4888,2640,3582,3592
2021-08-16 17:36:19.062,7173,-3669,54,4888,2637,3581,3592
2021-08-16 17:36:19.925,7173,-3669,54,4888,2636,3581,3592
2021-08-16 17:36:23.112,7174,-3670,54,4888,2633,3581,3591
2021-08-16 17:36:23.925,7174,-3670,54,4888,2632,3581,3591
2021-08-16 17:36:27.079,7173,-3670,54,4888,2629,3581,3590
2021-08-16 17:36:27.926,7172,-3670,54,4888,2627,3580,3590
2021-08-16 17:36:31.066,7172,-3670,54,4888,2624,3580,3592
2021-08-16 17:36:31.925,7172,-3669,54,4888,2623,3579,3590
2021-08-16 17:36:35.172,7170,-3668,54,4888,2620,3579,3589
2021-08-16 17:36:35.925,7170,-3667,54,4888,2619,3579,3590
2021-08-16 17:36:39.095,7170,-3668,54,4888,2616,3580,3590
2021-08-16 17:36:39.925,7169,-3669,54,4888,2615,3578,3589
2021-08-16 17:36:43.097,7169,-3668,54,4888,2612,3579,3589
2021-08-16 17:36:43.925,7169,-3668,54,4888,2611,3579,3588
2021-08-16 17:36:47.093,7167,-3669,54,4888,2608,3578,3589
2021-08-16 17:36:47.925,7167,-3668,54,4888,2607,3578,3587
2021-08-16 17:36:51.111,7165,-3667,54,4888,2604,3578,3587
2021-08-16 17:36:51.925,7166,-3668,54,4888,2603,3578,3587
2021-08-16 17:36:55.110,7165,-3667,54,4888,2600,3577,3588
2021-08-16 17:36:55.925,7165,-3668,54,4888,2599,3577,3589
2021-08-16 17:36:59.110,7162,-3667,54,4888,2596,3576,3586
2021-08-16 17:36:59.925,7164,-3668,54,4888,2595,3576,3588
2021-08-16 17:37:03.186,7161,-3666,54,4888,2592,3575,3585
2021-08-16 17:37:03.927,7162,-3666,54,4888,2591,3576,3585
2021-08-16 17:37:07.125,7161,-3663,53,4888,2588,3575,3586
2021-08-16 17:37:07.927,7159,-3665,53,4888,2587,3574,3585
2021-08-16 17:37:11.094,7160,-3665,53,4888,2584,3574,3584
2021-08-16 17:37:11.927,7159,-3663,53,4888,2583,3574,3585
2021-08-16 17:37:15.060,7159,-3664,53,4888,2580,3573,3584
2021-08-16 17:37:15.927,7158,-3665,53,4888,2579,3573,3585
2021-08-16 17:37:19.092,7159,-3665,53,4888,2576,3573,3584
2021-08-16 17:37:19.927,7157,-3663,53,4888,2575,3573,3584
2021-08-16 17:37:23.129,7158,-3666,53,4888,2571,3572,3583
2021-08-16 17:37:23.927,7157,-3664,53,4888,2570,3573,3584
2021-08-16 17:37:27.171,7156,-3664,53,4888,2567,3572,3583
2021-08-16 17:37:27.927,7157,-3664,53,4888,2566,3571,3583
2021-08-16 17:37:31.108,7156,-3666,53,4888,2563,3571,3582
2021-08-16 17:37:31.927,7157,-3663,53,4888,2562,3571,3583
2021-08-16 17:37:35.104,7155,-3663,53,4888,2559,3572,3581
2021-08-16 17:37:35.927,7156,-3663,53,4888,2558,3570,3582
2021-08-16 17:37:39.109,7153,-3662,53,4888,2555,3571,3581
2021-08-16 17:37:39.927,7155,-3663,53,4888,2554,3570,3581
2021-08-16 17:37:43.140,7153,-3662,53,4888,2551,3571,3580
2021-08-16 17:37:43.927,7154,-3662,53,4888,2550,3569,3581
2021-08-16 17:37:47.093,7148,-3662,53,4888,2547,3569,3580
2021-08-16 17:37:47.927,7148,-3660,53,4888,2546,3569,3579
2021-08-16 17:37:51.095,7150,-3660,53,4888,2543,3570,3581
2021-08-16 17:37:51.927,7152,-3659,53,4888,2542,3568,3580
2021-08-16 17:37:55.124,7146,-3658,52,4888,2539,3568,3578
2021-08-16 17:37:55.927,7151,-3659,52,4888,2538,3568,3579
2021-08-16 17:37:59.123,7145,-3656,52,4888,2535,3567,3578
2021-08-16 17:37:59.927,7150,-3656,52,4888,2534,3568,3579
2021-08-16 17:38:03.155,7146,-3657,52,4888,2531,3567,3579
2021-08-16 17:38:03.927,7149,-3656,52,4888,2530,3567,3578
2021-08-16 17:38:07.095,7146,-3658,52,4888,2527,3566,3579
2021-08-16 17:38:07.927,7147,-3655,52,4888,2526,3566,3581
2021-08-16 17:38:11.111,7144,-3655,52,4888,2523,3566,3578
2021-08-16 17:38:11.927,7146,-3654,52,4888,2522,3566,3580
2021-08-16 17:38:15.141,7143,-3653,52,4888,2519,3566,3577
2021-08-16 17:38:15.927,7145,-3653,52,4888,2518,3565,3580
2021-08-16 17:38:19.129,7146,-3654,52,4888,2515,3564,3577
2021-08-16 17:38:19.927,7144,-3653,52,4888,2514,3564,3579
2021-08-16 17:38:23.171,7141,-3653,52,4888,2510,3564,3577
2021-08-16 17:38:23.927,7148,-3655,52,4888,2509,3569,3580
2021-08-16 17:38:27.101,7143,-3655,52,4888,2506,3563,3575
2021-08-16 17:38:27.927,7141,-3652,52,4888,2505,3563,3578
2021-08-16 17:38:31.099,7142,-3653,52,4888,2502,3563,3575
2021-08-16 17:38:31.927,7140,-3653,52,4888,2501,3563,3577
2021-08-16 17:38:35.099,7140,-3654,52,4888,2498,3562,3574
2021-08-16 17:38:35.927,7136,-3652,52,4888,2497,3562,3573
2021-08-16 17:38:39.127,7140,-3651,52,4888,2494,3562,3574
2021-08-16 17:38:39.927,7135,-3651,52,4888,2493,3562,3577
2021-08-16 17:38:43.221,7137,-3651,51,4888,2490,3561,3574
2021-08-16 17:38:43.927,7133,-3650,51,4888,2489,3561,3576
2021-08-16 17:38:47.145,7138,-3650,51,4888,2486,3561,3573
2021-08-16 17:38:47.927,7133,-3649,51,4888,2485,3561,3576
2021-08-16 17:38:51.111,7136,-3648,51,4888,2482,3561,3576
2021-08-16 17:38:51.930,7133,-3649,51,4888,2481,3560,3575
2021-08-16 17:38:55.112,7136,-3649,51,4888,2478,3561,3575
2021-08-16 17:38:55.930,7131,-3649,51,4888,2477,3560,3575
2021-08-16 17:38:59.078,7134,-3650,51,4888,2474,3560,3574
2021-08-16 17:38:59.930,7131,-3650,51,4888,2473,3560,3574
2021-08-16 17:39:03.110,7133,-3648,51,4888,2470,3559,3574
2021-08-16 17:39:03.930,7130,-3648,51,4888,2469,3560,3574
2021-08-16 17:39:07.157,7133,-3648,51,4888,2466,3559,3573
2021-08-16 17:39:07.930,7128,-3647,51,4888,2465,3559,3574
2021-08-16 17:39:11.096,7127,-3645,51,4888,2462,3558,3569
2021-08-16 17:39:11.930,7127,-3645,51,4888,2461,3558,3569
2021-08-16 17:39:15.063,7128,-3646,51,4888,2458,3557,3572
2021-08-16 17:39:15.930,7125,-3646,51,4888,2457,3557,3568
2021-08-16 17:39:19.093,7126,-3646,51,4888,2454,3557,3572
2021-08-16 17:39:19.930,7124,-3645,51,4888,2453,3557,3568
2021-08-16 17:39:23.123,7128,-3647,51,4888,2450,3556,3572
2021-08-16 17:39:23.930,7124,-3646,51,4888,2449,3556,3568
2021-08-16 17:39:27.078,7124,-3646,51,4888,2446,3556,3571
2021-08-16 17:39:27.930,7122,-3646,51,4888,2445,3556,3567
2021-08-16 17:39:31.061,7123,-3647,50,4888,2442,3555,3570
2021-08-16 17:39:31.930,7121,-3646,50,4888,2441,3555,3566
2021-08-16 17:39:35.093,7121,-3644,50,4888,2438,3555,3566
2021-08-16 17:39:35.930,7120,-3645,50,4888,2437,3555,3566
2021-08-16 17:39:39.092,7121,-3643,50,4888,2433,3554,3569
2021-08-16 17:39:39.930,7119,-3644,50,4888,2432,3554,3565
2021-08-16 17:39:43.078,7121,-3644,50,4888,2429,3555,3569
2021-08-16 17:39:43.930,7119,-3645,50,4888,2428,3554,3565
2021-08-16 17:39:47.078,7120,-3644,50,4888,2425,3554,3568
2021-08-16 17:39:47.930,7118,-3644,50,4888,2425,3553,3564
2021-08-16 17:39:51.061,7119,-3643,50,4888,2421,3554,3565
2021-08-16 17:39:51.930,7117,-3644,50,4888,2421,3553,3564
2021-08-16 17:39:55.096,7116,-3643,50,4888,2417,3552,3563
2021-08-16 17:39:55.930,7115,-3640,50,4888,2417,3552,3563
2021-08-16 17:39:59.076,7116,-3640,50,4888,2413,3552,3564
2021-08-16 17:39:59.930,7115,-3641,50,4888,2413,3552,3563
2021-08-16 17:40:03.096,7116,-3641,50,4888,2409,3552,3563
2021-08-16 17:40:03.930,7114,-3643,50,4888,2409,3551,3562
2021-08-16 17:40:07.064,7114,-3641,50,4888,2405,3551,3563
2021-08-16 17:40:07.930,7114,-3641,50,4888,2405,3551,3562
2021-08-16 17:40:11.124,7112,-3641,50,4888,2401,3550,3562
2021-08-16 17:40:11.930,7113,-3640,50,4888,2401,3551,3561
2021-08-16 17:40:15.076,7112,-3641,50,4888,2397,3550,3562
2021-08-16 17:40:15.930,7111,-3639,50,4888,2397,3550,3561
2021-08-16 17:40:19.162,7111,-3641,49,4888,2393,3550,3561
2021-08-16 17:40:19.930,7111,-3640,49,4888,2393,3550,3561
2021-08-16 17:40:23.188,7110,-3642,49,4888,2389,3549,3561
2021-08-16 17:40:23.930,7109,-3640,49,4888,2389,3549,3560
2021-08-16 17:40:27.077,7108,-3639,49,4888,2386,3548,3559
2021-08-16 17:40:27.930,7107,-3637,49,4888,2385,3548,3559
2021-08-16 17:40:31.061,7109,-3641,49,4888,2382,3548,3559
2021-08-16 17:40:31.930,7107,-3639,49,4888,2381,3548,3559
2021-08-16 17:40:35.100,7108,-3641,49,4888,2378,3547,3559
2021-08-16 17:40:35.930,7106,-3638,49,4888,2377,3547,3559
2021-08-16 17:40:39.125,7107,-3642,49,4888,2374,3547,3558
2021-08-16 17:40:39.930,7105,-3639,49,4888,2373,3547,3558
2021-08-16 17:40:43.094,7106,-3642,49,4888,2370,3546,3558
2021-08-16 17:40:43.930,7104,-3639,49,4888,2369,3546,3557
2021-08-16 17:40:47.093,7105,-3640,49,4888,2366,3547,3557
2021-08-16 17:40:47.930,7104,-3639,49,4888,2365,3546,3557
2021-08-16 17:40:51.108,7102,-3638,49,4888,2362,3545,3557
2021-08-16 17:40:51.930,7103,-3637,49,4888,2361,3545,3557
2021-08-16 17:40:55.107,7102,-3636,49,4888,2358,3545,3556
2021-08-16 17:40:55.930,7103,-3636,49,4888,2357,3545,3556
2021-08-16 17:40:59.060,7101,-3635,49,4888,2354,3545,3556
2021-08-16 17:40:59.931,7102,-3638,49,4888,2353,3544,3556
2021-08-16 17:41:03.114,7102,-3637,49,4888,2350,3545,3555
2021-08-16 17:41:05.513,7101,-3636,49,4888,2347,3544,3560
2021-08-16 17:41:07.440,7098,-3637,48,4888,2344,3544,3559
2021-08-16 17:41:08.016,7101,-3635,48,4888,2344,3544,3555
2021-08-16 17:41:11.092,7100,-3634,48,4888,2341,3544,3556
2021-08-16 17:41:11.930,7100,-3632,48,4888,2340,3544,3555
2021-08-16 17:41:15.124,7098,-3634,48,4888,2337,3543,3555
2021-08-16 17:41:15.930,7099,-3632,48,4888,2336,3543,3554
2021-08-16 17:41:19.155,7098,-3633,48,4888,2333,3543,3554
2021-08-16 17:41:19.930,7098,-3632,48,4888,2332,3543,3554
2021-08-16 17:41:23.141,7096,-3633,48,4888,2329,3542,3554
2021-08-16 17:41:23.930,7097,-3634,48,4888,2328,3543,3555
2021-08-16 17:41:27.077,7097,-3631,48,4888,2325,3541,3553
2021-08-16 17:41:27.930,7095,-3631,48,4888,2324,3541,3554
2021-08-16 17:41:31.127,7094,-3630,48,4888,2321,3541,3553
2021-08-16 17:41:31.930,7095,-3630,48,4888,2320,3541,3554
2021-08-16 17:41:35.094,7095,-3631,48,4888,2317,3540,3552
2021-08-16 17:41:35.930,7093,-3631,48,4888,2316,3540,3553
2021-08-16 17:41:39.487,7093,-3631,48,4888,2312,3541,3552
2021-08-16 17:41:40.062,7092,-3629,48,4888,2312,3541,3552
2021-08-16 17:41:43.085,7093,-3629,48,4888,2309,3539,3551
2021-08-16 17:41:43.930,7091,-3628,48,4888,2308,3539,3552
2021-08-16 17:41:47.126,7092,-3629,48,4888,2305,3539,3551
2021-08-16 17:41:47.930,7090,-3628,48,4888,2304,3539,3551
2021-08-16 17:41:51.095,7092,-3630,48,4888,2301,3540,3550
2021-08-16 17:41:51.930,7094,-3628,48,4888,2300,3538,3551
2021-08-16 17:41:55.125,7088,-3626,47,4888,2297,3538,3550
2021-08-16 17:41:55.930,7088,-3628,47,4888,2296,3538,3549
2021-08-16 17:41:59.125,7090,-3629,47,4888,2293,3538,3549
2021-08-16 17:41:59.930,7091,-3628,47,4888,2292,3538,3550
2021-08-16 17:42:03.202,7088,-3628,47,4888,2289,3537,3549
2021-08-16 17:42:03.930,7090,-3627,47,4888,2288,3537,3550
2021-08-16 17:42:07.093,7088,-3628,47,4888,2285,3538,3550
2021-08-16 17:42:07.930,7090,-3628,47,4888,2284,3537,3550
2021-08-16 17:42:11.148,7087,-3629,47,4888,2281,3537,3548
2021-08-16 17:42:11.930,7088,-3629,47,4888,2280,3536,3549
2021-08-16 17:42:15.150,7087,-3629,47,4888,2277,3537,3548
2021-08-16 17:42:15.930,7088,-3629,47,4888,2276,3536,3549
2021-08-16 17:42:19.095,7085,-3627,47,4888,2273,3536,3549
2021-08-16 17:42:19.930,7087,-3628,47,4888,2272,3536,3548
2021-08-16 17:42:23.114,7083,-3629,47,4888,2269,3535,3548
2021-08-16 17:42:23.930,7087,-3629,47,4888,2268,3535,3548
2021-08-16 17:42:27.109,7082,-3628,47,4888,2265,3535,3548
2021-08-16 17:42:27.930,7085,-3630,47,4888,2264,3535,3551
2021-08-16 17:42:31.125,7082,-3628,47,4888,2261,3535,3547
2021-08-16 17:42:31.930,7084,-3628,47,4888,2260,3534,3550
2021-08-16 17:42:35.125,7081,-3629,47,4888,2257,3534,3547
2021-08-16 17:42:35.930,7083,-3628,47,4888,2256,3534,3550
2021-08-16 17:42:39.096,7084,-3629,47,4888,2253,3533,3546
2021-08-16 17:42:39.930,7083,-3629,47,4888,2252,3533,3549
2021-08-16 17:42:43.125,7078,-3629,47,4888,2249,3533,3544
2021-08-16 17:42:43.931,7077,-3627,46,4888,2248,3533,3545
2021-08-16 17:42:47.111,7082,-3627,46,4888,2245,3532,3545
2021-08-16 17:42:47.931,7081,-3627,46,4888,2244,3532,3549
2021-08-16 17:42:51.109,7077,-3626,46,4888,2241,3532,3544
2021-08-16 17:42:51.931,7079,-3626,46,4888,2240,3532,3548
2021-08-16 17:42:55.111,7084,-3626,46,4888,2237,3533,3544
2021-08-16 17:42:55.931,7076,-3625,46,4888,2236,3532,3548
2021-08-16 17:42:59.097,7075,-3621,46,4888,2233,3531,3543
2021-08-16 17:42:59.931,7074,-3624,46,4888,2232,3531,3547
2021-08-16 17:43:03.172,7079,-3625,46,4888,2229,3531,3544
2021-08-16 17:43:03.931,7073,-3623,46,4888,2228,3531,3547
2021-08-16 17:43:07.109,7078,-3623,46,4888,2225,3531,3543
2021-08-16 17:43:07.931,7073,-3624,46,4888,2224,3530,3546
2021-08-16 17:43:11.131,7077,-3623,46,4888,2220,3531,3543
2021-08-16 17:43:11.931,7072,-3623,46,4888,2219,3530,3546
2021-08-16 17:43:15.111,7077,-3623,46,4888,2216,3531,3546
2021-08-16 17:43:15.931,7072,-3623,46,4888,2215,3530,3546
2021-08-16 17:43:19.096,7076,-3623,46,4888,2212,3530,3546
2021-08-16 17:43:19.931,7072,-3623,46,4888,2211,3530,3545
2021-08-16 17:43:23.127,7070,-3621,46,4888,2208,3529,3541
2021-08-16 17:43:23.931,7070,-3620,46,4888,2207,3529,3545
2021-08-16 17:43:27.062,7070,-3622,46,4888,2204,3528,3544
2021-08-16 17:43:27.931,7068,-3622,46,4888,2203,3528,3544
2021-08-16 17:43:31.095,7072,-3622,46,4888,2200,3528,3544
2021-08-16 17:43:31.931,7067,-3623,45,4888,2199,3528,3540
2021-08-16 17:43:35.046,7068,-3623,45,4888,2196,3527,3543
2021-08-16 17:43:35.931,7066,-3623,45,4888,2195,3527,3539
2021-08-16 17:43:39.094,7067,-3622,45,4888,2192,3527,3543
2021-08-16 17:43:39.931,7066,-3624,45,4888,2191,3527,3539
2021-08-16 17:43:43.172,7070,-3621,45,4888,2188,3527,3543
2021-08-16 17:43:43.931,7067,-3623,45,4888,2187,3528,3539
2021-08-16 17:43:47.077,7066,-3621,45,4888,2184,3526,3542
2021-08-16 17:43:47.931,7064,-3621,45,4888,2183,3526,3538
2021-08-16 17:43:51.094,7066,-3622,45,4888,2180,3526,3542
2021-08-16 17:43:51.931,7063,-3621,45,4888,2179,3526,3537
2021-08-16 17:43:55.160,7065,-3621,45,4888,2176,3530,3542
2021-08-16 17:43:55.931,7062,-3622,45,4888,2175,3525,3537
2021-08-16 17:43:59.135,7064,-3621,45,4888,2172,3525,3541
2021-08-16 17:43:59.931,7063,-3619,45,4888,2171,3525,3537
2021-08-16 17:44:03.096,7063,-3620,45,4888,2168,3525,3540
2021-08-16 17:44:03.931,7061,-3619,45,4888,2167,3524,3536
2021-08-16 17:44:07.184,7062,-3620,45,4888,2164,3524,3540
2021-08-16 17:44:07.931,7060,-3619,45,4888,2164,3524,3536
2021-08-16 17:44:11.145,7061,-3617,45,4888,2160,3524,3540
2021-08-16 17:44:11.931,7060,-3618,45,4888,2160,3523,3536
2021-08-16 17:44:15.095,7061,-3619,45,4888,2156,3524,3537
2021-08-16 17:44:15.931,7060,-3618,45,4888,2156,3523,3535
2021-08-16 17:44:19.114,7060,-3620,45,4888,2152,3523,3538
2021-08-16 17:44:19.931,7058,-3617,45,4888,2152,3523,3535
2021-08-16 17:44:23.112,7059,-3618,44,4888,2148,3524,3535
2021-08-16 17:44:23.931,7058,-3618,44,4888,2148,3522,3535
2021-08-16 17:44:27.156,7058,-3618,44,4888,2144,3522,3538
2021-08-16 17:44:27.931,7057,-3617,44,4888,2144,3522,3534
2021-08-16 17:44:31.078,7057,-3618,44,4888,2140,3522,3535
2021-08-16 17:44:31.931,7056,-3617,44,4888,2140,3521,3534
2021-08-16 17:44:35.673,7057,-3616,44,4888,2136,3522,3535
2021-08-16 17:44:38.064,7055,-3618,44,4888,2133,3521,3533
2021-08-16 17:44:40.471,7058,-3616,44,4888,2131,3521,3534
2021-08-16 17:44:43.233,7054,-3617,44,4888,2128,3521,3537
2021-08-16 17:44:43.931,7054,-3617,44,4888,2128,3521,3533
2021-08-16 17:44:47.045,7055,-3616,44,4888,2125,3520,3533
2021-08-16 17:44:47.931,7052,-3616,44,4888,2124,3520,3532
2021-08-16 17:44:51.093,7053,-3617,44,4888,2121,3520,3532
2021-08-16 17:44:51.931,7051,-3617,44,4888,2120,3519,3532
2021-08-16 17:44:55.094,7053,-3619,44,4888,2117,3519,3531
2021-08-16 17:44:55.931,7052,-3618,44,4888,2116,3519,3532
2021-08-16 17:44:59.061,7050,-3617,44,4888,2113,3519,3531
2021-08-16 17:44:59.931,7050,-3618,44,4888,2112,3519,3531
2021-08-16 17:45:03.157,7051,-3618,44,4888,2108,3518,3531
2021-08-16 17:45:03.931,7049,-3618,44,4888,2108,3518,3531
2021-08-16 17:45:07.109,7050,-3617,44,4888,2105,3518,3530
2021-08-16 17:45:07.931,7050,-3617,44,4888,2104,3518,3530
2021-08-16 17:45:11.086,7049,-3618,43,4888,2101,3518,3530
2021-08-16 17:45:11.931,7049,-3618,43,4888,2100,3517,3530
2021-08-16 17:45:15.081,7048,-3618,43,4888,2097,3518,3530
2021-08-16 17:45:15.931,7048,-3617,43,4888,2096,3517,3529
2021-08-16 17:45:19.061,7047,-3619,43,4888,2093,3517,3530
2021-08-16 17:45:19.931,7046,-3617,43,4888,2092,3516,3529
2021-08-16 17:45:23.125,7045,-3618,43,4888,2089,3516,3529
2021-08-16 17:45:23.931,7046,-3620,43,4888,2088,3516,3529
2021-08-16 17:45:27.079,7045,-3622,43,4888,2085,3517,3529
2021-08-16 17:45:27.931,7046,-3622,43,4888,2084,3516,3528
2021-08-16 17:45:31.092,7045,-3622,43,4888,2081,3516,3528
2021-08-16 17:45:31.931,7046,-3624,43,4888,2080,3517,3528
2021-08-16 17:45:35.110,7044,-3624,43,4888,2077,3516,3528
2021-08-16 17:45:35.931,7045,-3624,43,4888,2076,3515,3527
2021-08-16 17:45:39.062,7044,-3625,43,4888,2073,3515,3528
2021-08-16 17:45:39.931,7043,-3625,43,4888,2072,3515,3527
2021-08-16 17:45:43.064,7044,-3628,43,4888,2069,3514,3527
2021-08-16 17:45:43.931,7042,-3627,43,4888,2068,3514,3528
2021-08-16 17:45:47.078,7043,-3630,43,4888,2065,3514,3527
2021-08-16 17:45:47.931,7041,-3631,43,4888,2064,3513,3527
2021-08-16 17:45:51.500,7039,-3633,43,4888,2060,3513,3526
2021-08-16 17:45:52.062,7039,-3632,43,4888,2060,3513,3526
2021-08-16 17:45:55.306,7041,-3636,43,4888,2057,3513,3525
2021-08-16 17:45:55.931,7040,-3635,43,4888,2056,3514,3526
2021-08-16 17:45:59.139,7038,-3636,43,4888,2053,3513,3526
2021-08-16 17:45:59.931,7039,-3635,42,4888,2051,3512,3526
2021-08-16 17:46:03.092,7038,-3636,42,4888,2048,3512,3525
2021-08-16 17:46:03.931,7037,-3636,42,4888,2047,3512,3526
2021-08-16 17:46:07.077,7036,-3634,42,4888,2044,3512,3524
2021-08-16 17:46:07.931,7037,-3636,42,4888,2043,3511,3525
2021-08-16 17:46:11.109,7037,-3637,42,4888,2040,3511,3524
2021-08-16 17:46:11.931,7039,-3636,42,4888,2039,3511,3525
2021-08-16 17:46:15.062,7037,-3639,42,4888,2036,3512,3523
2021-08-16 17:46:15.931,7034,-3637,42,4888,2035,3511,3523
2021-08-16 17:46:19.095,7034,-3636,42,4888,2032,3511,3523
2021-08-16 17:46:19.931,7038,-3637,42,4888,2031,3510,3524
2021-08-16 17:46:23.127,7033,-3635,42,4888,2028,3510,3523
2021-08-16 17:46:23.931,7033,-3636,42,4888,2027,3510,3523
2021-08-16 17:46:27.062,7032,-3637,42,4888,2024,3510,3522
2021-08-16 17:46:27.931,7037,-3638,42,4888,2023,3509,3523
2021-08-16 17:46:31.061,7034,-3640,42,4888,2020,3510,3524
2021-08-16 17:46:31.931,7036,-3639,42,4888,2019,3509,3523
2021-08-16 17:46:35.109,7031,-3637,42,4888,2016,3509,3522
2021-08-16 17:46:35.931,7030,-3637,42,4888,2015,3509,3521
2021-08-16 17:46:39.081,7031,-3638,42,4888,2012,3509,3522
2021-08-16 17:46:39.931,7034,-3639,42,4888,2011,3508,3522
2021-08-16 17:46:43.157,7031,-3639,42,4888,2008,3508,3523
2021-08-16 17:46:43.931,7034,-3638,42,4888,2007,3509,3522
2021-08-16 17:46:47.099,7030,-3640,41,4888,2004,3508,3522
2021-08-16 17:46:47.931,7032,-3638,41,4888,2003,3508,3521
2021-08-16 17:46:51.100,7030,-3640,41,4888,2000,3507,3522
2021-08-16 17:46:51.931,7031,-3637,41,4888,1999,3507,3524
2021-08-16 17:46:55.109,7028,-3639,41,4888,1996,3507,3522
2021-08-16 17:46:55.931,7027,-3637,41,4888,1995,3507,3520
2021-08-16 17:46:59.062,7031,-3640,41,4888,1992,3506,3520
2021-08-16 17:46:59.931,7029,-3638,41,4888,1991,3506,3523
2021-08-16 17:47:03.095,7030,-3641,41,4888,1988,3506,3520
2021-08-16 17:47:03.932,7028,-3638,41,4888,1987,3506,3523
2021-08-16 17:47:07.091,7029,-3639,41,4888,1984,3506,3520
2021-08-16 17:47:07.932,7028,-3638,41,4888,1983,3506,3522
2021-08-16 17:47:11.076,7029,-3639,41,4888,1980,3505,3519
2021-08-16 17:47:11.932,7027,-3638,41,4888,1979,3505,3522
2021-08-16 17:47:15.094,7028,-3638,41,4888,1976,3505,3519
2021-08-16 17:47:15.932,7026,-3637,41,4888,1975,3505,3522
2021-08-16 17:47:19.077,7022,-3637,41,4888,1972,3505,3518
2021-08-16 17:47:19.932,7022,-3635,41,4888,1971,3504,3518
2021-08-16 17:47:23.109,7022,-3635,41,4888,1968,3504,3517
2021-08-16 17:47:23.932,7021,-3635,41,4888,1967,3504,3517
2021-08-16 17:47:27.078,7026,-3636,41,4888,1964,3504,3522
2021-08-16 17:47:27.932,7022,-3636,41,4888,1963,3504,3521
2021-08-16 17:47:31.095,7025,-3636,41,4888,1960,3504,3521
2021-08-16 17:47:31.932,7021,-3637,41,4888,1959,3503,3521
2021-08-16 17:47:35.094,7020,-3635,40,4888,1955,3503,3516
2021-08-16 17:47:35.932,7020,-3635,40,4888,1954,3503,3520
2021-08-16 17:47:39.061,7024,-3636,40,4888,1951,3503,3520
2021-08-16 17:47:39.932,7020,-3635,40,4888,1950,3503,3520
2021-08-16 17:47:43.062,7022,-3635,40,4888,1947,3503,3520
2021-08-16 17:47:43.932,7019,-3635,40,4888,1946,3503,3519
2021-08-16 17:47:47.110,7021,-3636,40,4888,1943,3502,3519
2021-08-16 17:47:47.932,7019,-3634,40,4888,1942,3503,3519
2021-08-16 17:47:51.062,7019,-3634,40,4888,1939,3502,3519
2021-08-16 17:47:51.932,7017,-3633,40,4888,1938,3502,3519
2021-08-16 17:47:59.146,7020,-3633,40,4888,1931,3501,3518
2021-08-16 17:48:01.468,7017,-3634,40,4888,1929,3501,3515
2021-08-16 17:48:03.454,7017,-3633,40,4888,1927,3501,3516
2021-08-16 17:48:04.016,7014,-3631,40,4888,1926,3501,3518
2021-08-16 17:48:07.093,7014,-3633,40,4888,1923,3500,3517
2021-08-16 17:48:07.932,7014,-3632,40,4888,1922,3500,3514
2021-08-16 17:48:11.078,7015,-3633,40,4888,1919,3500,3515
2021-08-16 17:48:11.932,7013,-3631,40,4888,1918,3500,3513
2021-08-16 17:48:15.111,7015,-3631,40,4888,1915,3499,3517
2021-08-16 17:48:15.932,7012,-3631,40,4888,1914,3499,3513
2021-08-16 17:48:19.093,7013,-3630,40,4888,1911,3499,3517
2021-08-16 17:48:19.932,7011,-3630,40,4888,1910,3499,3512
2021-08-16 17:48:23.140,7012,-3632,40,4888,1907,3499,3516
2021-08-16 17:48:23.932,7011,-3630,40,4888,1906,3499,3512
2021-08-16 17:48:27.061,7012,-3630,39,4888,1903,3499,3513
2021-08-16 17:48:27.932,7011,-3630,39,4888,1903,3498,3512
2021-08-16 17:48:31.063,7011,-3631,39,4888,1899,3499,3513
2021-08-16 17:48:31.932,7010,-3630,39,4888,1899,3498,3511
2021-08-16 17:48:35.111,7011,-3632,39,4888,1895,3498,3515
2021-08-16 17:48:35.932,7009,-3632,39,4888,1895,3497,3511
2021-08-16 17:48:39.112,7010,-3630,39,4888,1891,3499,3511
2021-08-16 17:48:39.932,7009,-3630,39,4888,1891,3497,3511
2021-08-16 17:48:43.136,7010,-3630,39,4888,1887,3498,3515
2021-08-16 17:48:43.932,7008,-3628,39,4888,1887,3497,3510
2021-08-16 17:48:47.140,7009,-3629,39,4888,1883,3498,3511
2021-08-16 17:48:47.932,7008,-3628,39,4888,1883,3497,3510
2021-08-16 17:48:51.139,7009,-3629,39,4888,1879,3497,3511
2021-08-16 17:48:51.932,7006,-3629,39,4888,1879,3496,3510
2021-08-16 17:48:55.202,7008,-3628,39,4888,1875,3497,3514
2021-08-16 17:48:55.932,7006,-3627,39,4888,1875,3496,3510
2021-08-16 17:48:59.096,7005,-3627,39,4888,1871,3496,3509
2021-08-16 17:48:59.932,7005,-3626,39,4888,1871,3496,3509
2021-08-16 17:49:03.111,7005,-3626,39,4888,1867,3495,3509
2021-08-16 17:49:03.932,7005,-3628,39,4888,1867,3495,3510
2021-08-16 17:49:07.219,7005,-3627,39,4888,1863,3495,3510
2021-08-16 17:49:07.932,7005,-3627,39,4888,1863,3496,3509
2021-08-16 17:49:11.097,7005,-3627,39,4888,1860,3494,3508
2021-08-16 17:49:11.932,7003,-3627,39,4888,1859,3495,3508
2021-08-16 17:49:15.093,7003,-3628,38,4888,1856,3494,3508
2021-08-16 17:49:15.932,7002,-3625,38,4888,1855,3494,3508
2021-08-16 17:49:19.126,7002,-3625,38,4888,1852,3494,3507
2021-08-16 17:49:19.932,7001,-3625,38,4888,1851,3494,3508
2021-08-16 17:49:23.128,7003,-3627,38,4888,1848,3493,3507
2021-08-16 17:49:23.932,7002,-3626,38,4888,1847,3494,3507
2021-08-16 17:49:27.127,7002,-3627,38,4888,1844,3494,3507
2021-08-16 17:49:27.932,7001,-3625,0,3045,0,3493,3507
2021-08-16 17:49:31.176,7000,-3625,0,3045,0,3493,3507
2021-08-16 17:49:31.933,7000,-3626,0,3045,0,3493,3506
2021-08-16 17:49:35.159,7001,-3625,0,3045,0,3492,3506
